index,value
0,0.6145225809300794
1,-1.0439823920377929
2,-0.9712974611148415
3,-0.9783522467873236
4,-0.4306790484070833
5,1.121879612685567
6,0.6584191348241304
7,0.6004490020105542
8,0.6162026461531617
9,-1.460935521555718
10,-0.037551027313297236
11,0.6789022599491468
12,0.3331903923560677
13,1.0475150658432972
14,-1.2850821974814215
15,1.1209761295461504
16,-0.9903981696773989
17,0.8197287521733858
18,0.7011738770144043
19,0.8787229201169987
20,0.7884913936921683
21,-0.13863882234235006
22,-0.9257486621350886
23,0.8630516946170563
24,-0.6829403366029766
25,0.3376206391650002
26,-0.8530819631734687
27,-0.0003722142941071582
28,-0.3964041854762025
29,0.4264390629090674
30,-1.0406653074778027
31,-0.9815822959397373
32,-1.034716862946289
33,-0.0391850894126385
34,-0.14038393037510477
35,-1.2154144935573508
36,0.38713813614464293
37,-1.3623088508879944
38,-1.2367404869756675
39,0.7427148318462894
40,0.6935077864516249
41,-0.930243586735714
42,0.8795372018438908
43,-1.1942695107616865
44,0.8918923101561179
45,-0.5229864490146576
46,-0.8953208417324247
47,-0.6512685462720043
48,-0.8115215206241482
49,-0.7483166491372795
50,0.25262936659089136
51,0.31696038661903025
52,-0.8965219143937159
53,0.23355376049367071
54,-1.2311880129978001
55,0.9587651996618056
56,-0.9851516425644508
57,0.22170086224324115
58,-1.0156680237976632
59,-0.6548438320453371
60,0.43861161980045665
61,0.690203156585496
62,1.008103431617897
63,0.22995783491319458
64,-0.5917638592163901
65,1.0798067066571735
66,-0.7658088352271983
67,-0.8250282178996429
68,0.16922437700650625
69,-1.3272178632978526
70,0.890719186992261
71,-0.5921803667395974
72,-0.875369482982222
73,-0.08003572568357044
74,-0.6416104526976457
75,0.8355724929125343
76,-0.808659989391239
77,-0.1761191198203745
78,-0.02632454680283737
79,-0.2612901298086485
80,0.7607501827218646
81,0.2467906711218253
82,0.6144880139935316
83,-0.2018899228008463
84,0.5293465885759848
85,-0.9401586432217764
86,0.24409155883571151
87,-0.23410613420459098
88,-0.07220702443245199
89,0.5559815354939681
90,0.2341107113190731
91,0.09757287551715732
92,0.6386122921656998
93,-0.875387502821342
94,-1.0844227605723216
95,-1.097001596519967
96,0.7196129231760519
97,0.6550336119415889
98,0.2366085802263014
99,1.103615449919277
100,-0.9947101554879819
101,-0.0064615700313828016
102,0.23363076198101193
103,1.0837182988134035
104,0.6807401924643018
105,-0.1420475250481778
106,-0.8006087386812691
107,0.5325829775270909
108,0.6672893898324008
109,-0.9583649333062105
110,0.8556993541605143
111,0.9949831858070811
112,-0.6418500478245562
113,-0.2171296080017024
114,-0.3949444869178849
115,-1.5934217521522824
116,0.2995496568770357
117,-1.053211859579922
118,-0.0026776522932009912
119,-1.066399167878373
120,1.0992023407705374
121,-0.9391319871787814
122,0.6042521703867688
123,0.5523849166461473
124,-1.3137909070877531
125,-0.8297228100539915
126,-0.803805591218988
127,0.4165612704634923
128,0.5539287900066434
129,-1.1639949597597037
130,-0.028112844775905494
131,-0.8714031615215043
132,-1.1639423675723224
133,-0.20470836041982265
134,0.18918328817413121
135,0.2582970794184219
136,-0.7030345989116867
137,1.0242389478427074
138,-0.5950061173675198
139,0.8501036231717696
140,-1.0788791226644807
141,0.3700480700946586
142,1.0153615183314557
143,-1.073013173217004
144,0.5280175941160172
145,0.8135841430304361
146,0.9369315797038095
147,-0.051749505001599215
148,-0.6585242403085914
149,-0.6290613465911291
150,0.00237831586264664
151,0.9044746073844985
152,-0.9245486828472287
153,0.6217011058915819
154,1.145501517953601
155,0.5998717646163451
156,0.8054537741790695
157,-1.4277220921070246
158,0.7397879898110012
159,-1.1150721741627614
160,-0.6780011861699531
161,-0.3312695807908333
162,-0.14873956798523097
163,-0.7424199000151664
164,0.6825529964030161
165,-0.7707623715700371
166,0.8463569375131851
167,0.4307557084194606
168,0.6465429288108822
169,-0.14110366726876652
170,-0.9199038365709415
171,-0.01861001159644875
172,0.9749801066052196
173,0.509646105174105
174,0.03764900601785501
175,0.17599787443144568
176,0.15625336426863098
177,0.45872563012458545
178,-0.9552122165218537
179,0.39112675625309523
180,0.7060107024448847
181,-1.0891975503546034
182,0.8081703462290477
183,-1.1166070835004007
184,0.9617605441794612
185,0.5560277444443092
186,-1.2388617039308532
187,1.042397249672915
188,-0.1212223688031861
189,-1.1156159460432735
190,0.9416802946735922
191,0.009495413023400198
192,-0.16396120451790464
193,0.10196759736951153
194,0.5928295793852182
195,0.6156251418779582
196,-0.9891054875502779
197,-1.3865561020390353
198,-0.8462046717878968
199,-0.5770647191841667
200,0.27082544980162515
201,0.8370747013403969
202,-1.535708065509805
203,-0.6459881608483731
204,-0.12938672888751623
205,-0.9680531558275
206,1.061761753078008
207,-1.4242575723405282
208,0.8892216046608823
209,-0.38051504396719443
210,-1.0938521616784924
211,0.2626899645899656
212,0.35102092964725806
213,0.938667572739423
214,0.8043085132378368
215,0.05541185823312531
216,0.35775168254271683
217,0.7416254943760066
218,0.9626991991164985
219,-0.7187118024025915
220,0.2539815279092995
221,1.0187246546156954
222,0.8048225476403119
223,-0.8610110538184524
224,0.641458699135833
225,-0.5167892376865835
226,0.7146936048040439
227,0.8183010964299711
228,-0.3352831301419856
229,0.4350869230068838
230,-1.1623121599531152
231,-0.7751400458403406
232,0.6756954052916175
233,0.5822544589796163
234,-1.46180203582295
235,0.15922235943184526
236,0.0003498203588769093
237,-0.6097420352658285
238,0.673807183495941
239,0.9130548179105155
240,0.30818080279136945
241,0.5844046394569896
242,-1.0077075637288875
243,0.34301698214726956
244,0.4307328393228152
245,-1.1515070082320835
246,0.514717281990038
247,-1.0692148007015703
248,-0.7774790450460533
249,-1.0197540797663656
250,-0.6460155153728848
251,-1.0369753931416283
252,0.9810638459424769
253,0.5763917891737306
254,-0.24578105878238993
255,0.09458475111190906
256,-0.9424433247832897
257,0.05966176990250431
258,-1.112705784230992
259,-0.7093630216058728
260,0.5680459843591972
261,0.9486840084558159
262,0.5598220311693507
263,-0.29739264858089703
264,-0.5507078607210867
265,0.9246604125015874
266,0.6360458935125994
267,-1.0626125027446833
268,-0.9621281779389341
269,-1.1754336438340884
270,-0.011985396372361082
271,0.46262846801146656
272,0.5796105123205374
273,0.6138050659382577
274,-0.6012500962172422
275,0.13996769402983134
276,-0.14069198784694475
277,-0.7710022905665617
278,0.6307393447876786
279,0.8975062280320037
280,0.7597057029820458
281,-1.4728082232618882
282,0.9654411196044446
283,0.6336580438978716
284,0.6930942321083546
285,0.6433543372476493
286,-0.8502462222577973
287,-0.8330317967240437
288,-1.3948873679997975
289,-0.6787049584520364
290,0.8596689242711903
291,0.522143118957598
292,0.4104823243094941
293,-0.7451519740678769
294,0.2688300136305753
295,-0.14076399764055492
296,0.5544793852449459
297,0.9499287431724999
298,-1.0314216582088327
299,0.6405703815123144
300,0.8261925628887231
301,-0.8653819604575993
302,0.9268111228536907
303,-0.9549342845992027
304,-0.6456896055855075
305,0.47425613570126274
306,1.0223513119728371
307,0.6815859755418492
308,-0.8378018865561313
309,0.6060148187992225
310,0.41423146737014677
311,0.8072837501412298
312,0.6166948044807685
313,0.8143561802721822
314,-0.632932601686234
315,0.7726958522003904
316,-0.4619365568611068
317,0.4321627078241793
318,0.9720833871495287
319,0.9804649089060302
320,0.698323655631672
321,0.6652484161045439
322,0.8950205311743038
323,0.9748509427324182
324,0.6409505411910517
325,0.6148772593546794
326,-0.8964776199020057
327,0.9905932572237084
328,1.098254414262444
329,-0.8865865901555811
330,-0.06169118177009559
331,-0.25761569214033886
332,-0.3338604671127521
333,-0.9145241471761751
334,0.7686588059058649
335,0.693202471687493
336,-0.2740231601071533
337,0.39944749772257926
338,-0.2738881720334725
339,-0.9242533074616268
340,0.6852098490784525
341,0.2594891326314431
342,-0.6201270021842487
343,0.36073006834448407
344,0.6875758376157072
345,-1.0414725945872423
346,-1.6037040974075796
347,1.1079743376707356
348,0.6941536667055547
349,0.8719981541019625
350,0.17472216001009216
351,-1.4729326618587755
352,-0.849647227567223
353,-0.42533554702065723
354,1.009676527406284
355,-0.048774795201230556
356,0.515448928094167
357,-1.1232806276327185
358,1.0115041231398219
359,-1.0655134454435207
360,-1.1855307470826144
361,0.5585182340082052
362,-0.7845483129756546
363,1.0697413256347021
364,1.311299887838566
365,0.8266861120871465
366,-0.353593740329397
367,0.7233564138666355
368,-0.768875053113785
369,1.0204927032109652
370,-0.607379554150146
371,0.11451176939184757
372,-1.3018793147198624
373,-1.050835708257939
374,-0.6305209062930756
375,-0.07903232540257338
376,0.5523227170914989
377,-0.7817798198870178
378,-0.7986013414668761
379,0.002370982795494414
380,0.35766613302755046
381,-0.2761497377941865
382,-1.4185993111357555
383,-1.0181566908361985
384,-0.6497687537448291
385,0.8083503624679165
386,0.7881140411273541
387,0.4246605758792958
388,0.06165397746690734
389,-0.48085901208234944
390,0.6716885088854005
391,0.4519000990743545
392,-1.0976397591910565
393,-1.2402911495242641
394,-0.025778711653865874
395,0.9039807154275973
396,0.9865131079323416
397,-0.5291458454035237
398,-0.3177860024149226
399,-0.915445961893746
400,-0.7616449111644639
401,1.2257465691710434
402,0.5758949333319557
403,0.8590819411543701
404,-1.2333025767472345
405,-0.47116298606779755
406,-0.8082977631562107
407,1.083746555867054
408,-1.2166035297607736
409,-1.076142579979028
410,-0.40323361464509916
411,0.037275996694734144
412,-1.1182552425867862
413,-0.18745952946745825
414,1.306636310049285
415,-0.44752861491950496
416,0.5359118171346031
417,-0.3827011032157281
418,0.6922349378028178
419,0.1516656443251785
420,0.5814652210896231
421,-0.1568497466997044
422,-1.4507343614518056
423,1.0376602822331094
424,0.5702157048314253
425,0.8939993858141662
426,0.7545564645743199
427,-1.0544053135641074
428,0.49465840878662704
429,0.008735585627545788
430,-1.3811003887255218
431,-1.071239923092027
432,1.258928782602359
433,-0.6466255458002537
434,1.1643387884184775
435,-0.6471841374775293
436,-0.0203426704244504
437,0.4095005573716246
438,-0.8656422171237479
439,0.5896234166072043
440,0.8290327727159312
441,0.4894372994633511
442,0.0484240567479937
443,-1.3179783331470245
444,-1.1775534057218748
445,0.9593422016719113
446,0.478408510149398
447,0.2815429718254992
448,-1.048570528404761
449,0.1710204509353453
450,0.6360675847310301
451,0.47225232141741713
452,-1.0414652434313512
453,0.6181927601254222
454,-1.3851613732646166
455,0.016703008621584248
456,-1.0853430817800398
457,0.16662756250423993
458,-0.27435681558198405
459,-0.7215608159237326
460,0.8764207307693254
461,-0.5773099819175992
462,0.38853880214974557
463,0.6412295565201305
464,0.3619899970666945
465,0.5665380034415276
466,1.0616846428902518
467,0.5553896421068445
468,-0.9000739675861614
469,-0.021959237397929293
470,-0.0421801221427708
471,-0.8546376519654753
472,0.700749017322857
473,0.6246697363511683
474,-0.3294570644420897
475,0.6049330149643253
476,-0.1527391754715386
477,0.8324536529002741
478,-0.7835278915992673
479,0.9766285947803749
480,-0.8878534763217786
481,-0.6865705223437498
482,-1.1093039106882383
483,-0.9863187488250318
484,-0.7769856356818908
485,0.9850454102274305
486,0.2984128776403518
487,-1.070732898319435
488,-1.2465615926145381
489,-1.078365451103165
490,0.8641328232408402
491,0.5879286492337154
492,0.7528131410045242
493,0.4333258036336204
494,-1.02588356980498
495,0.9872920979706165
496,-0.3671800355496454
497,-0.6694124055745513
498,-0.7814398939566662
499,0.045124558938809484
500,0.5106168572889199
501,0.8931526678489919
502,0.7701543324944871
503,0.2752978292059126
504,-1.180740034752233
505,0.30853117295778315
506,0.6255848210993069
507,0.846263165349802
508,0.34254417339574483
509,-1.020588311180002
510,0.8283922470972442
511,-0.9875677236814109
512,0.6610639712687516
513,0.6413063588459516
514,0.7618490166927594
515,-1.006503112274246
516,0.29996957804662716
517,0.8208154882041301
518,0.7063371384012804
519,0.6127856897723413
520,0.6853173054897813
521,-0.1272675602350378
522,0.7754891856396914
523,-0.9144465341080356
524,-1.0476927006957704
525,-1.4993247414218502
526,-0.8558418633054938
527,0.6961695231660336
528,-0.6576628779004815
529,-0.37429686216338903
530,-0.4952455334401351
531,0.6867198010340804
532,-1.0789288429617252
533,0.7009867426095773
534,-0.6457994680525562
535,0.9357309845181037
536,0.43531000786683566
537,-1.0583831143470805
538,-1.0559470134815365
539,0.4863658857709201
540,0.1645245324859127
541,-0.9105870113087049
542,0.7196777511798811
543,1.2221541737540447
544,0.1883654034585971
545,0.47834804655941143
546,-0.6507576924845437
547,0.6182002307395029
548,0.8464385481187824
549,-0.02122526220412638
550,-0.5325674342090478
551,0.04094533593005591
552,-1.0036008593678623
553,-0.670164434478916
554,0.9742070972097976
555,0.7150114418353591
556,0.6876908694753571
557,0.10445427967941015
558,0.5741379182804026
559,-1.1335355424854188
560,0.22394469568563488
561,0.905653193034722
562,-0.8277029024778182
563,0.9414000795897483
564,0.4024019436680736
565,-1.3023642517597862
566,-0.34611624345517844
567,0.11796905773520674
568,-1.2451497313390945
569,-0.8339948750429761
570,-0.465212858798881
571,0.6265107125605954
572,0.3396855256223192
573,-0.31986606044355237
574,0.6820206042325799
575,1.159929142417526
576,0.8234509060395172
577,0.8251587553460715
578,0.941502694604787
579,0.2937220532721705
580,0.7683155643121864
581,-0.8027771058873104
582,0.4001832855296439
583,-0.08343265475577652
584,-1.3050868535446338
585,0.0892868777122404
586,0.951762619295933
587,0.5081857652347496
588,1.061803989808628
589,0.3140703182697449
590,-1.2352393080886312
591,0.7009691435946825
592,0.5673014262386434
593,0.8119408393044222
594,-0.34677988885995065
595,0.8400063490802381
596,0.7673080710742605
597,-0.3364552310059958
598,-1.3317373090314824
599,-1.361268696285933
600,-0.7730215269555203
601,0.4587688580672022
602,1.01033668553131
603,-0.8891656845493229
604,-0.8680654837086093
605,-0.603687340070357
606,-0.884010067143431
607,1.0070241109544646
608,0.9429182069772216
609,0.8905362045180754
610,0.8122053858911912
611,-0.9464197859378571
612,-0.9026489336312141
613,-0.5424127924151488
614,-0.09129580143701947
615,0.8582653978537834
616,-1.1158282434004707
617,-0.6493174356137427
618,0.44582603530960296
619,-0.2952404978162836
620,0.9847637891800788
621,-1.093229087675
622,0.9795556730338252
623,-0.9209654839310241
624,-1.1498199722352787
625,0.3843054980501174
626,-0.8709929103027781
627,0.7377009389896897
628,-0.7437050933601297
629,0.6592523692905411
630,-0.8736800682419896
631,-0.688844131324226
632,0.8971202737271011
633,-0.23166146834947152
634,0.7801949565148592
635,1.0173368020588205
636,-0.8151390333590892
637,0.6343410687167945
638,0.44618142061237365
639,-1.3138687398028512
640,-1.1080775011927058
641,0.646697342737706
642,0.6152659974795258
643,-0.9981647117227449
644,0.03713918816606745
645,1.0219932496910495
646,0.625173251798837
647,-0.6773839015749802
648,0.911740985574544
649,-0.8283027382639486
650,-0.5138739776627855
651,0.9829385132684716
652,-0.7222717185614088
653,-0.03628728541605612
654,0.7268525985239193
655,1.1323337231059234
656,-0.9364569101078374
657,-0.12256110331309128
658,0.8343564598078356
659,-1.2217984368902377
660,-1.3111794097485316
661,0.9619839198184398
662,-1.1627626794853967
663,-0.09203184091300946
664,0.6853599230809884
665,-0.646035165958611
666,1.0263422338064736
667,-0.2534298498173336
668,-1.5360977222326588
669,1.0934387079046826
670,0.7301535653705358
671,0.987961866875615
672,0.028448376468456344
673,0.6478491222854527
674,0.7495164236199204
675,0.9927919988181402
676,-0.232939734476756
677,-1.3773932580472876
678,-0.4884007408128373
679,-1.4708122871154954
680,-1.3523034396069276
681,-0.7715866848974747
682,1.0464995014003151
683,0.7192935230169977
684,-1.0928596921799805
685,0.31262643029810816
686,0.5817420154360122
687,-0.9917725232480256
688,0.722177342850785
689,-0.33937855622517704
690,0.4184574679510052
691,-1.0683890757502974
692,-1.6072473805020653
693,0.2190302087894841
694,0.3776877697476857
695,-0.49627481013539215
696,0.5384358689769642
697,-0.9171987724705742
698,0.609970104410714
699,-1.0545146993901353
700,0.8972192825883861
701,0.7208781110289861
702,0.979785550634424
703,-0.24495397211622194
704,-0.9899072747088148
705,0.8360771492186094
706,0.8408437887569036
707,1.1599143983867213
708,-0.9269547549142265
709,0.9225802694369729
710,0.4910568338238942
711,-0.7508820848469244
712,0.757706890039468
713,-0.900417051000355
714,-0.012453049296085848
715,0.11588619563418
716,-1.2796859142722739
717,1.0646639983700852
718,1.0624159695826574
719,1.1234060740142846
720,0.8873290609944874
721,1.0099989167828376
722,0.7983782970544859
723,0.11431274449968684
724,0.09743425094473265
725,-0.9911705934423917
726,0.886263083233545
727,-1.056045193310457
728,-0.557547091699467
729,-0.9350397512466543
730,0.9214238334132752
731,1.000219851424207
732,-0.570579980330873
733,0.6162256455673123
734,-0.5665075557435525
735,-0.7279799697228962
736,-1.2600140446285637
737,0.5694880254735515
738,-0.51300455656352
739,0.8346229857712517
740,1.176506678627718
741,0.8215101569631748
742,-0.8559631051230916
743,-0.893698064398535
744,-0.9375862244088043
745,-0.21699596754967782
746,0.5617004828756242
747,-0.5904440679777384
748,-1.3358310603171188
749,0.7251943617236798
750,1.2524431601477743
751,-0.27603077132550874
752,0.8240058071043853
753,0.9415905573041088
754,-1.018430332789297
755,0.6479273562325146
756,-0.17493367001704782
757,1.1263494063777515
758,-0.7573613377401333
759,1.3394531099100764
760,0.3619232030570276
761,-1.4432639643407952
762,-0.1881725364024106
763,0.8462265626357648
764,-0.4822500761095305
765,0.648430947336105
766,-1.3056259152220437
767,0.5576446764161096
768,-1.0998583698284954
769,-1.2939783958000004
770,0.4745666881795662
771,-1.1093314035381057
772,0.7773638249961007
773,-1.0388496314871414
774,-0.5404907741724122
775,0.455959321728056
776,-0.4724801341334301
777,0.0077373914553842335
778,0.7946615424094245
779,0.8894374878521031
780,-1.0121920571697218
781,0.9436628302210786
782,0.9614879748606532
783,0.45468184697047254
784,0.6763699453839682
785,0.9314946100938799
786,1.2219342916539289
787,1.2031401796507502
788,0.13595817436307783
789,0.5030967147444264
790,0.5455967743746786
791,0.9756907475273525
792,0.6960596270373429
793,-1.1429749697792655
794,-1.017319209503867
795,-1.387069275651653
796,0.865409520408786
797,0.6760469293840226
798,-1.0974812205736475
799,0.21057152799654613
800,0.6981525740113708
801,1.231306392743611
802,-0.14915276791013465
803,-1.8744244612479866
804,-0.7737787611140079
805,-1.046120796479179
806,-0.7864141673700472
807,0.7135627814315515
808,1.1939734849336925
809,-0.23138062407434157
810,-0.6801171823668972
811,-0.4245521264333682
812,-0.8321418334911561
813,0.8882792575152579
814,0.744644715095417
815,-0.9378440144623695
816,0.9495197163315878
817,0.729393304809879
818,0.7624565560839451
819,-0.28510695757048826
820,0.08473230252085914
821,0.8942581075000002
822,0.6621264308895597
823,-1.4733002507500592
824,0.7054694355359648
825,0.9169697493905362
826,0.8959693561972416
827,0.2913881732184921
828,-1.1027916515474203
829,0.8156978629671877
830,0.17825159942583876
831,-0.32730984722074863
832,0.449670137269623
833,1.13175439919513
834,-0.6387871114081783
835,-1.3277910756119442
836,-0.36224021746202384
837,0.8853554417737283
838,0.8611219951100001
839,0.12531755217865118
840,0.17231875831592716
841,0.9117168195290831
842,0.6638727506957486
843,-0.8039047392664935
844,0.9101798152115944
845,0.08346780337024962
846,0.03433761885401985
847,0.12825278949527164
848,1.0048497270785908
849,0.9948961627788183
850,-0.8350452114898012
851,0.6540960184738421
852,-0.7648024569717188
853,-0.5589626564235115
854,1.0271440919141777
855,-1.0441959494858137
856,-1.0316352606618993
857,0.8200241918712645
858,-0.6723679227612358
859,0.39422227152704287
860,0.5015558784754961
861,-0.8349665983830447
862,0.4108813505767901
863,0.5394797757657241
864,-1.147456821638311
865,-1.4013371392846228
866,0.7693478854950978
867,-0.5584624162321898
868,-0.8492957262100487
869,-1.0224571847663095
870,0.3520940712218054
871,-0.22891832958750744
872,-1.2817777695629524
873,0.9504990676055666
874,0.17968692244776022
875,1.038927808455933
876,-0.697426436508234
877,0.9590565376644844
878,0.22575385525942449
879,-1.0065769289438093
880,0.7868992462787082
881,0.5031569225281497
882,-0.9889111835873757
883,-0.6573203957392779
884,-1.1184870482093434
885,0.5031846387257628
886,0.4634282886892468
887,0.08748264985349191
888,-1.4049262177479762
889,-1.341087066185262
890,0.6271036904287436
891,-0.04282393180200643
892,0.5738060824158135
893,-0.7056964624491073
894,-0.20761397172017954
895,0.7334939879308625
896,-1.0573791188751813
897,0.17179192612632338
898,-0.936332605054226
899,0.0466206175536377
900,-0.699947208722707
901,-1.0151846321208962
902,-0.7748479265916133
903,-0.40383237540781236
904,0.5596112152045833
905,-1.1445355493207372
906,0.7360257780868646
907,-1.5090389890125755
908,-1.18332174193285
909,-0.8806049425304744
910,0.7128174120972635
911,0.46876751625284635
912,1.0657001932763293
913,-0.11251791301453556
914,-0.8672433453462369
915,0.830046050324592
916,-0.20053988170067988
917,0.24473706095095632
918,-1.3926087151991071
919,-0.028552583663672818
920,-0.5839867093257716
921,-0.5757948501324187
922,-1.244562794492242
923,0.3309628053919227
924,0.7780333691029864
925,-0.7195998622844317
926,-0.9819604975445092
927,-1.1969554485885368
928,0.6226513609866052
929,-0.685410395984623
930,0.8705358484333137
931,0.6972498265919591
932,0.7200608002207142
933,-1.050058643698638
934,0.035582840803979734
935,0.8846577606372028
936,0.3107859985225278
937,-0.804261106397579
938,0.49343554210262447
939,-0.2651784590552678
940,-1.0979832817026136
941,-0.4522188045644287
942,-1.3229315276926785
943,-1.0340207458983803
944,0.6193134832760032
945,-1.3322152227534587
946,-0.11835469306697216
947,0.824151431352282
948,0.07408202815663169
949,-0.5609624750067657
950,0.7422875231658864
951,-1.2671990014354042
952,-1.14258655191912
953,0.4799241696001172
954,-0.4925311231041153
955,0.15779768173550004
956,-1.0469587427288638
957,0.9894392442597728
958,-0.46311043303342814
959,-0.8957532032020505
960,-1.2072185979843213
961,0.543071966622747
962,-0.5260571525675786
963,0.6784776711926789
964,0.7534283068454384
965,-0.01930768835576982
966,0.8517267860954569
967,0.9319093740263892
968,0.5477320602035712
969,0.7814910815747961
970,0.8645771056263899
971,0.5003132091026772
972,-0.8366165397753609
973,-1.2669690463231258
974,0.7937985174289682
975,-0.672756089595139
976,-0.813048094187511
977,0.9654969094822163
978,-0.10483428154410943
979,-1.191673366364444
980,-0.2887846975280774
981,-0.8909815707370741
982,-0.02549216893291665
983,0.27670263645260645
984,0.7505231538702545
985,-0.08072012187886048
986,0.0850307814026437
987,-1.3116830866188365
988,0.6251611856949285
989,0.5324386111803173
990,0.7109453564750035
991,-0.058780118910376815
992,0.4910675973186903
993,-0.882884579819941
994,-0.5632131406735831
995,-0.07102545540297221
996,0.968341298819667
997,-0.6428775166357069
998,-0.9514674719404568
999,0.8792601234231937
1000,-0.8590581575087302
1001,-0.15654931357155014
1002,0.8079587856147279
1003,-1.1278516768727722
1004,0.3318755658491198
1005,0.7233948062901295
1006,0.8703547124626193
1007,0.4731679076851117
1008,-0.8032587442705217
1009,0.6002532360435407
1010,0.6521683379015099
1011,-0.7661005279767348
1012,-1.2271711491546378
1013,0.0019977658333113105
1014,0.5830558661111107
1015,0.07309863384790993
1016,-0.8096790052016359
1017,-0.41970095328024365
1018,0.37895366359406707
1019,-0.16310301945875402
1020,0.6063559157993921
1021,0.8144812168008531
1022,-0.6730417084856505
1023,-0.723879769132846
1024,0.8961171052098298
1025,0.6783859781810146
1026,0.7838812177864702
1027,0.4503928020691253
1028,-0.7860649761175397
1029,0.9386031189548092
1030,-0.9067534269364679
1031,-0.9922878388293687
1032,0.7174888591856147
1033,0.6473994490526839
1034,0.49787968468490024
1035,-0.8318262021982143
1036,-0.6270015086776227
1037,-0.9447814479085709
1038,-0.8862377516073203
1039,0.759043818255671
1040,-0.899697888556934
1041,0.693118035602265
1042,1.1243182108451453
1043,0.6545907606960795
1044,0.05311641719532326
1045,-0.02241649408487462
1046,-1.194061423211787
1047,0.7115882648602055
1048,-1.2055504331881988
1049,-1.2770670414243652
1050,0.5492386447537353
1051,0.06688291501524837
1052,-1.1750116537304474
1053,-0.4184179430321172
1054,-1.386959436912611
1055,-1.2095871752600944
1056,-0.6914902148425598
1057,0.4730934490020524
1058,0.043552594791976186
1059,0.7273912336058374
1060,-0.47652993582631503
1061,1.0227380490895346
1062,-0.3573610368802126
1063,0.5364546887890747
1064,-1.3147863068119445
1065,1.0893412120826558
1066,-1.2109901212364924
1067,0.4179411589341467
1068,-0.5391388752126565
1069,0.7745942927233763
1070,-0.8825339608887499
1071,-1.1657713214276155
1072,1.081615928541928
1073,-1.2958530495673017
1074,-0.8103112622497618
1075,-1.0953443637236777
1076,0.8403682219930034
1077,-0.3202500010966957
1078,0.5359612803074406
1079,-0.7935133765262974
1080,-1.146200935741349
1081,-0.634638455354203
1082,-0.853606903942579
1083,0.20697404741504363
1084,0.19740452559986263
1085,0.6861533984266555
1086,-0.7098075198971412
1087,0.4440052897326547
1088,-0.4888450002759522
1089,-0.7156326907643517
1090,0.6720809676083174
1091,0.3889472649629729
1092,0.39587932395098835
1093,0.8352508031719047
1094,0.8220343764335515
1095,-0.9748406355445691
1096,0.6664427319371302
1097,0.08969712436327734
1098,-0.7666478380220834
1099,-1.0484538711840783
1100,0.4448563269868277
1101,-1.21950664914149
1102,0.24208031764763888
1103,0.9820873703725792
1104,-0.8673955595266867
1105,-0.14404924769753177
1106,-1.1819154554468754
1107,-0.5879086930798804
1108,0.707903990061546
1109,0.6621977703658914
1110,-1.477180874185794
1111,0.4542803971124332
1112,1.2103766747290854
1113,-0.9068244624809266
1114,-1.496667463554224
1115,-0.7787764573823509
1116,1.193327938907103
1117,-0.3595217954289101
1118,0.7888089865821819
1119,-0.8750330722247541
1120,-0.06349471263300857
1121,-1.0167246027929708
1122,0.8460738558900849
1123,-0.07897188841744046
1124,-0.4376060970976944
1125,0.054488725749826716
1126,0.8556015090425795
1127,-0.9297361171387176
1128,-0.5784564586890821
1129,0.7330838982875592
1130,-0.5304226899309845
1131,-0.7897484869437308
1132,0.8585664683707281
1133,0.21893401386923234
1134,0.583349055818024
1135,-1.2642600594743636
1136,0.03977632548013712
1137,-0.02915520005866617
1138,0.6970035151929547
1139,-0.3129039841621616
1140,0.946460310024051
1141,0.8310665135819959
1142,0.5914521180896305
1143,-0.04401508394707469
1144,1.0888507449873617
1145,-0.24275131800704364
1146,-1.187551699209067
1147,0.9971166683297201
1148,0.23621187417454548
1149,0.5358728473697816
1150,0.01368715629115128
1151,0.4812176044642753
1152,-0.9898393842383723
1153,-1.0247384535306743
1154,0.32191788050140174
1155,-0.8985293827338756
1156,-0.6280535946344374
1157,0.7944001159158139
1158,1.0555019532164862
1159,0.9211842015024996
1160,-0.9200184817911155
1161,-0.048413486757648984
1162,1.0525321390164608
1163,0.5442087621973937
1164,-1.1033708232097312
1165,0.717128774443552
1166,-0.6297569314463964
1167,-1.2402788290721967
1168,0.9593322319654837
1169,-1.2492623481316036
1170,-0.13892067597398572
1171,1.097367042775556
1172,0.5225506689297655
1173,-0.47098442785164657
1174,0.3957545526275126
1175,0.00025721699425099246
1176,-0.8897635037231418
1177,0.707282003010476
1178,0.7766655884433404
1179,-0.4723758903799052
1180,0.2754458573613403
1181,0.3783810427889223
1182,0.7894868252490674
1183,0.6911190055227973
1184,-0.8702340323293843
1185,-1.1332796174343003
1186,-1.0279976123330834
1187,-1.0895296695409717
1188,0.4850142324147238
1189,0.5975678331617067
1190,0.8212795339869048
1191,-0.8534887978255561
1192,0.36464511932161087
1193,-0.9367909789092657
1194,0.5678019729117157
1195,-0.27558697684027184
1196,-1.0296233212272203
1197,-1.1380362063214893
1198,0.42611929147671435
1199,1.1066645988995882
1200,1.0583460445063289
1201,-0.3860143788199888
1202,-0.9152589061131655
1203,1.0046888568935304
1204,-1.249675157882435
1205,0.08305678789472815
1206,0.31356474601989365
1207,-1.1009161379066195
1208,-0.6259218842980359
1209,-0.9141644319233457
1210,0.5188707485074272
1211,0.5330341050559126
1212,0.9049845813393373
1213,-1.0485825995136147
1214,-0.9200086884127973
1215,-0.34937829220153693
1216,0.4972216342848342
1217,0.9224415864881547
1218,-1.2696259289498375
1219,0.7449095899921678
1220,0.5531127429084384
1221,0.43873062897140314
1222,-0.5329921891217404
1223,-0.780113050835377
1224,-1.1023905926414688
1225,-1.2071499086835744
1226,0.8591014555840905
1227,0.48799141509064087
1228,-1.120345667900992
1229,0.9901480039911764
1230,-1.379266214765139
1231,0.9486558628610752
1232,0.7733614996932573
1233,-0.047572329808455154
1234,0.8725685893680754
1235,-0.7842443091874598
1236,-0.2491686691439325
1237,0.05230597671595636
1238,0.8994108244287504
1239,0.5303865756826325
1240,-1.2778632705186475
1241,-1.285194694527996
1242,0.46419312373666666
1243,0.217811166921369
1244,0.6126987907387033
1245,-0.9736010948286282
1246,0.6705040421122763
1247,-0.49229246778375996
1248,0.7540254970229026
1249,-1.2337425979189285
1250,-0.8589392251755936
1251,-0.3620821359848879
1252,1.0786072755764753
1253,-0.6537421518941687
1254,0.2615096575238692
1255,-1.2372971215328321
1256,0.19335241764115074
1257,0.4288495934139826
1258,0.7678858530362608
1259,-1.131716662564642
1260,-0.9578994177382698
1261,-0.34369226568978684
1262,0.5946676892776649
1263,0.03680051480438035
1264,-0.8848478787055243
1265,0.1003609945357456
1266,-1.1598625177961235
1267,0.7102877890109166
1268,0.3968895195146863
1269,0.17557108107135516
1270,-0.882484995273025
1271,-0.3858090369017577
1272,-0.9920083328444211
1273,0.5233135703717281
1274,0.519556999403667
1275,0.053588681076565094
1276,-1.017196581301567
1277,-1.2540212296370956
1278,-0.11529886399421624
1279,0.7946032634220742
1280,-1.40377168308619
1281,-1.377166714453948
1282,0.8891049514302484
1283,0.9302884850306542
1284,0.6912576279088891
1285,-1.3294178386107183
1286,-1.1342803895902043
1287,0.5800143110719607
1288,-0.9275811455070675
1289,-0.3998019833314233
1290,-0.6907697640626179
1291,0.8220530883227236
1292,-0.29022293380290903
1293,-0.6077304697493675
1294,0.13906882996140635
1295,-1.4830157685888523
1296,0.36082311765142855
1297,0.48244878449645745
1298,0.6392557863733421
1299,0.9967502606636474
1300,-0.8622424547633559
1301,0.17013608915746015
1302,0.6533515812692885
1303,-0.6752671649382813
1304,0.4586887339579024
1305,-0.4730676568916592
1306,-0.7100369729869215
1307,-0.026976515642643233
1308,-0.8157062073017856
1309,-1.2485637102987246
1310,0.0754139426008423
1311,0.11284053962979758
1312,0.5291037186115476
1313,-1.0475948229176317
1314,-0.9347660447026371
1315,1.4092556199349344
1316,0.9511595436274801
1317,-0.35009685272582564
1318,0.6399473163645097
1319,-0.22694487630785617
1320,-0.27259175804913605
1321,0.5814235216785912
1322,-1.416118749413832
1323,0.4483692799274406
1324,-1.138709529336873
1325,-1.1208370302147286
1326,0.5094055610862952
1327,0.40994113700355156
1328,-0.05774431059674568
1329,0.525976667176964
1330,0.24797452954858218
1331,-1.3776065337972225
1332,0.24396795620980163
1333,-0.8305335010611039
1334,-0.7684044383541149
1335,-1.1443519679040859
1336,0.1251708876624314
1337,-0.11741581385295234
1338,0.7828878754228374
1339,0.5460939426934723
1340,1.063913272946789
1341,0.26786303368879333
1342,0.8951338420875657
1343,-0.923470666425771
1344,-0.5986162801547712
1345,0.9679125791184795
1346,-0.5519458025214743
1347,-1.080627885174802
1348,0.4658654375035156
1349,0.6464149625931023
1350,-0.5625925166839355
1351,0.7801465646361507
1352,-0.869287639967111
1353,0.11090690415913686
1354,-0.7658349710743377
1355,0.4953707467061637
1356,1.3052461058584661
1357,0.5542889389260265
1358,-1.3089053719840802
1359,-1.0831620401004165
1360,-0.07734330213991474
1361,-0.9455190479556818
1362,0.6927362739932736
1363,0.6642135155718469
1364,0.9006403840231261
1365,-1.3654540336682246
1366,1.0794962036503244
1367,0.9119649143248232
1368,-0.8609583660111949
1369,-0.5435786417322511
1370,0.44187896047501984
1371,0.042897359162409804
1372,-1.1274354193074587
1373,-0.7006140027436749
1374,1.019714822428869
1375,0.8050721792148213
1376,0.7962730709775637
1377,-0.032972824227291156
1378,-1.1133730433715676
1379,0.8911752656520204
1380,0.18862549960455804
1381,0.1535214539240519
1382,-1.1011801709670597
1383,-1.169937666663274
1384,0.35705138858737306
1385,0.1489811700747114
1386,-1.3532571780348408
1387,1.1465253576802765
1388,-0.6105895231574242
1389,-1.1170789351328876
1390,-1.0545730725755627
1391,0.7114252521280995
1392,-0.9728433586473375
1393,0.14664942683049598
1394,-0.3017344647910514
1395,-0.18200711971763395
1396,-1.2549523966374097
1397,-0.8978562380146823
1398,-1.3148699942544664
1399,0.24217152364216674
1400,0.7633075969879769
1401,0.848408410094594
1402,-1.2427042331446028
1403,-0.8923793466667206
1404,-1.0207362686009889
1405,0.6767862092606007
1406,-0.8329232848399767
1407,-0.04265630985063791
1408,-1.0630641830928382
1409,0.5710986526631925
1410,0.8153176566876535
1411,0.9583185872383188
1412,1.2872333673683278
1413,-0.5796621566132933
1414,0.7035915281769535
1415,0.7945300680744052
1416,0.7367872228201335
1417,-0.7188839050847027
1418,-0.43120633227510313
1419,0.8839750104139987
1420,-0.811824551911341
1421,0.9965878790986054
1422,0.9098801665115873
1423,-1.0928750285574946
1424,0.5783791746682543
1425,-1.1335534897310726
1426,-1.0692015801728787
1427,0.35626432377208517
1428,0.6297742031274836
1429,0.6838002959095545
1430,0.5466357588814809
1431,0.8153226051621829
1432,0.8181855127199888
1433,0.9041371375143288
1434,0.6209795869938489
1435,0.8080900703541535
1436,-0.6341782381564287
1437,1.079152541538057
1438,0.2482332351922366
1439,-0.9666269556318455
1440,-0.23320305249027587
1441,-0.04002382381815078
1442,-1.1413198191088236
1443,-0.8459184381888449
1444,-1.016701027650972
1445,0.359914825619345
1446,-1.0714229217172164
1447,0.5506156411496628
1448,0.30787960696854616
1449,0.8713074646010713
1450,-0.7746024146855831
1451,0.026955627450499994
1452,-0.8231912058281488
1453,0.4644562709743957
1454,0.5098810241273335
1455,0.2929136885322528
1456,1.0132883383543128
1457,-1.10535260507869
1458,-1.2589213198104923
1459,-0.23889139250080332
1460,-1.055815085610786
1461,0.005271703009802805
1462,0.8196721360882416
1463,0.5845453370959199
1464,-1.6055110058234268
1465,0.3971700352330529
1466,0.021205430211792567
1467,0.4270997211868851
1468,-0.8261957104624659
1469,1.056450645280845
1470,-0.590471993184634
1471,-0.7685271795676786
1472,-0.8114102992132934
1473,-0.6092948859079981
1474,0.3466477782951856
1475,-0.9390828368227123
1476,0.7941807408033584
1477,-0.07167966279163494
1478,-0.6044709726278099
1479,0.8195880557897821
1480,-1.4458577740758716
1481,-1.2594757202992393
1482,0.5862879350308748
1483,-1.1873677873156785
1484,0.22486845233789107
1485,0.7055899445941374
1486,0.6163131248056151
1487,-1.1382308329946667
1488,1.1001388449425398
1489,-0.9565250972946626
1490,-0.707799758422125
1491,0.16099584805303543
1492,-1.3883749225744282
1493,-0.7588679028548792
1494,1.2154336459830086
1495,0.09770044764562805
1496,0.9574366878049407
1497,1.067942700409524
1498,0.6830319066027577
1499,-0.7850324619768115
1500,1.166066200064416
1501,-0.9831667934918273
1502,0.6979947712290479
1503,0.330705840682592
1504,-1.0736246748407836
1505,1.0519743863701176
1506,0.40999713261003967
1507,-0.737515826434497
1508,0.43738672922973154
1509,0.8351960605883528
1510,-0.9276392617050905
1511,-0.019060644248365784
1512,0.7274713170922815
1513,-1.025462229226587
1514,0.8385872092600413
1515,-1.3050572055422254
1516,0.7085519882363097
1517,-1.164131770564459
1518,-1.3615445992666273
1519,0.32818962806987023
1520,0.7894718729572222
1521,-0.7883664089909109
1522,1.1255181354828714
1523,-1.3969377237128557
1524,-0.8183049228123919
1525,-0.34640311435562054
1526,0.9169253702924408
1527,0.9288022626320988
1528,-0.030518077972607516
1529,1.0263491364799007
1530,0.4416392181551161
1531,-0.8615452846401596
1532,0.94709021261121
1533,1.1307682490872226
1534,0.039430700464360986
1535,0.2300665685083676
1536,-0.9201292332370039
1537,0.15128308614512462
1538,-1.117484117841091
1539,-0.6061791033536484
1540,-1.2183057713148961
1541,-0.6993493150614114
1542,0.9565357277461314
1543,1.190669015176826
1544,0.8977746296697572
1545,-0.6434275358127024
1546,1.0453916827494636
1547,0.19902801255837693
1548,-1.324029951175352
1549,0.7474528000193651
1550,-1.5636843854718177
1551,0.379473584087969
1552,-1.20805541552031
1553,-0.6604542349141469
1554,-1.0104279031832661
1555,0.442663808690397
1556,0.6087106596973036
1557,-0.3441863856218859
1558,-0.8688871788548356
1559,-1.3525480896576008
1560,-0.5948266079956304
1561,0.4443594454866196
1562,0.12355200918346235
1563,0.5843171982745996
1564,0.7072448762048446
1565,-1.015584931774563
1566,-1.2010081824619838
1567,0.8938268230234582
1568,0.5497002416439086
1569,0.8092621157665003
1570,-1.1999062537838514
1571,-0.9697682552485515
1572,-0.11977617345792746
1573,-1.0354124329075993
1574,-0.01511450631397619
1575,0.6775491637378966
1576,0.630191939795637
1577,0.50525231227498
1578,0.7590358633520654
1579,0.8908630247648164
1580,1.2625324535842066
1581,1.238802939563611
1582,-0.4011124605096402
1583,-0.8132653711632736
1584,-1.1045690193341278
1585,0.6397974553989698
1586,-0.9042801731899194
1587,1.1260553483170093
1588,0.3823321067843884
1589,-0.04321671586088553
1590,0.7173794776413862
1591,-0.6215996268813329
1592,-0.43542586505557984
1593,0.38167426373809527
1594,-0.5464982934229684
1595,-0.980996599575
1596,-1.4072969867446965
1597,0.3223495719521553
1598,0.773569156912814
1599,-1.044719060067103
1600,-0.6583286203734301
1601,-1.1751786305825214
1602,-0.5575070813463888
1603,-0.8521273249364724
1604,0.6127211227186724
1605,-0.7104086300026705
1606,-1.1367663941521955
1607,0.7779560853541266
1608,-0.8951788543340916
1609,0.05572250873632937
1610,0.5892652748782885
1611,-0.7944568551382403
1612,-0.9011542107785282
1613,0.8749484746591663
1614,0.45616662213949866
1615,-1.3613597374199957
1616,0.5603470837490238
1617,0.7008211944929076
1618,-0.009672204082043665
1619,0.8536776672414845
1620,0.7355801197699496
1621,0.6553374378944316
1622,0.30628057547287874
1623,0.7183885169934608
1624,-0.9547600249139434
1625,0.8018111226912855
1626,-1.2455961947422023
1627,0.7353008493565619
1628,0.7839712400239227
1629,-0.14398485219620308
1630,0.8405808381901393
1631,-0.9344689721305577
1632,-0.21464137720760315
1633,-1.1363184299641782
1634,-0.47703228721334395
1635,-1.0413214720060868
1636,0.40555168681571424
1637,0.7800253436529236
1638,-0.8124610093490493
1639,0.7406814888225594
1640,-0.9400468706184851
1641,1.0189326335301794
1642,0.24166004760543655
1643,-0.5839490628913832
1644,-1.1701140741415037
1645,0.23889758556542864
1646,0.5517223146646577
1647,-0.05797880972542983
1648,-0.27376222549394835
1649,0.006800908979253759
1650,-0.9686004266802314
1651,1.0008198934723664
1652,-0.13264773117789888
1653,0.7425521417335313
1654,-0.4231700736795219
1655,-0.697558921642575
1656,-0.6474751645497947
1657,0.2020228746976821
1658,-0.18898076643091546
1659,-1.0280058111571626
1660,0.3137713686108566
1661,1.0050739219180769
1662,0.08521618538714142
1663,-1.0209867691357934
1664,-0.29051600150916124
1665,0.3361802515373866
1666,0.8074488752845721
1667,-1.0153795277426325
1668,-0.7398296416049597
1669,-0.027871981828809518
1670,-0.16029870268556706
1671,-1.3457070135394438
1672,0.738034980258098
1673,0.5312647399771915
1674,0.0935341243230357
1675,0.8463172981478391
1676,0.746702053861167
1677,0.921526683180272
1678,0.4977421204036234
1679,-0.5115718527748213
1680,-1.526808773787804
1681,0.132647431261951
1682,0.03624689882694564
1683,-0.6738940307070723
1684,0.5189208673871684
1685,-0.6110579129515892
1686,-0.7572832345265677
1687,0.9500174779458288
1688,-1.3168944066598671
1689,-0.6691799072000317
1690,0.808169320854558
1691,0.01777772135078736
1692,-0.6552861650772972
1693,0.5389691452924558
1694,0.3041592930152978
1695,0.6624182957498597
1696,0.7573582859780249
1697,0.7460924808374436
1698,-1.0340160339929239
1699,-0.8958352256818461
1700,-0.4956151678946654
1701,0.8259602281913891
1702,1.3863743607052093
1703,0.710400620290992
1704,-0.9620542048106496
1705,-1.3696630385882584
1706,0.05374636542486384
1707,0.25903200894837486
1708,0.7738601131961107
1709,0.6976125065503274
1710,-1.2732913679402957
1711,0.04974758535573407
1712,0.8448985634042504
1713,0.44695036183825343
1714,-1.3788476598813528
1715,-0.5513460901239187
1716,-0.06637772789154761
1717,-0.732123933711936
1718,0.8341782361054153
1719,-1.4271801003253908
1720,0.9574853140338166
1721,-1.3931446678494197
1722,-0.46006137852198037
1723,0.5265475431900019
1724,0.6356093358936384
1725,-0.760021764179226
1726,-0.8034224668052883
1727,-1.5191327244930626
1728,0.5426153571665024
1729,-0.6572291955072221
1730,0.26769953841450955
1731,0.8028172330942063
1732,-1.0803461517144446
1733,0.12503219798836304
1734,0.2955608945555269
1735,-0.3001804834806512
1736,0.41267607848722226
1737,0.9625086442387137
1738,0.8355612109781694
1739,0.6270956150194644
1740,0.5735317589177006
1741,0.7762322936216528
1742,0.5233676974897028
1743,0.4583066166566486
1744,-0.9830359473729667
1745,-0.627276712335218
1746,0.4780304004358532
1747,0.11957645744026822
1748,-0.3931684159017895
1749,0.4890916038722392
1750,0.7695670036939214
1751,0.10225680693741113
1752,-0.9107859615653766
1753,0.7265809109930177
1754,0.9475477452827309
1755,0.8117897048139288
1756,-0.05326519404669048
1757,-0.852652041938591
1758,-1.0439548361641864
1759,0.48743530145513303
1760,0.2287250492323953
1761,1.0323029092539882
1762,0.8250808322680662
1763,-1.1567816110646825
1764,1.0952892481460195
1765,-1.228170762135757
1766,0.17260749898252967
1767,0.7770200481667402
1768,0.8179598139339598
1769,-0.8057394107584632
1770,0.9053052388579321
1771,0.6035206139913293
1772,0.7765024395625687
1773,-0.9041818105686623
1774,-0.1887121463451831
1775,-1.36229591298873
1776,0.7330447926878277
1777,-1.4906207862102747
1778,-0.8873205063025297
1779,-0.5909994761429365
1780,-1.3438620618201744
1781,-0.9773625982828567
1782,-1.1747083765736102
1783,0.2516755352823701
1784,-1.0388223984247993
1785,0.3827667107080881
1786,0.3406352337523991
1787,0.7270635396449046
1788,-0.8069515521269449
1789,0.815633079354042
1790,0.015160254424473727
1791,0.6613671582288758
1792,0.8820706177074784
1793,-0.5846956590077592
1794,0.6416110652441235
1795,-0.9674690435161126
1796,-1.009675385287475
1797,-0.9356838319104166
1798,0.28989563697515874
1799,0.8395134343157288
1800,0.8528110194238291
1801,0.16263866919707953
1802,-0.28446970662975196
1803,-0.745593427682263
1804,-1.2059997287153785
1805,0.5517373854202885
1806,0.6241016475489995
1807,-1.0841779510195786
1808,0.14934210359513164
1809,1.0438426800569305
1810,-0.8016301660849457
1811,-1.2252333617098372
1812,-0.9301412122436988
1813,0.3949314419573492
1814,0.7009497582542659
1815,-0.9058967841501439
1816,-0.8895274213294172
1817,-0.7911592399934526
1818,0.9565011216682148
1819,0.41754152527684724
1820,-1.0778712631980738
1821,0.7907894036353968
1822,0.7978770098653567
1823,0.9256983358067763
1824,-0.07966187215855558
1825,0.8355653145000003
1826,0.8528208913394693
1827,-0.928823245129917
1828,0.8317923475051824
1829,0.34916370567313904
1830,0.7527028747675827
1831,-0.7728160382433653
1832,-1.0336349068110078
1833,-0.8238837915957177
1834,-0.18772670199599145
1835,-1.1921520134867278
1836,0.5831870676395614
1837,0.7854282333613439
1838,0.8754490298508989
1839,-0.35761991619738703
1840,0.9954002538026389
1841,0.6190434283203572
1842,-1.1011231375288006
1843,0.754400454791786
1844,0.39903931210572324
1845,0.2467595543142659
1846,-0.879572824220197
1847,1.1459350370297434
1848,-1.1765872376391808
1849,0.394885711865992
1850,1.0027318260202975
1851,-0.42803418668196413
1852,0.9115275480208134
1853,-1.0563897263851965
1854,1.001618208229948
1855,-0.05723065556144644
1856,-1.2932468575869518
1857,0.09223329683630264
1858,0.5034851736729168
1859,-0.8595222876161611
1860,-0.9303191843219366
1861,0.5858653090918051
1862,-0.5118426225724775
1863,0.11456457408008584
1864,0.5536049000002162
1865,0.9610457766743512
1866,-0.11314459201200763
1867,0.6308766815229958
1868,0.3935887825223612
1869,-1.3984354735723608
1870,0.8191975777720489
1871,0.8201098137274123
1872,-1.107610836174005
1873,0.025854068606531763
1874,-1.1481798984458826
1875,1.0337659954796299
1876,-0.8194485055467657
1877,-1.136202030538896
1878,1.0033909968513657
1879,-0.07938238407886117
1880,0.8598862131999675
1881,0.6504629567756658
1882,0.9300359385287698
1883,0.882236326520581
1884,0.2385796017857942
1885,-0.7976881779938936
1886,1.095197780587515
1887,0.38892617044445515
1888,-0.02775742150003392
1889,-0.012764599163712493
1890,-0.9849986444406327
1891,-0.14176148552101214
1892,1.0324325883369248
1893,-1.0188464541542899
1894,0.7402763257028251
1895,0.3383413669580253
1896,-1.133672529411569
1897,-0.31204387684351187
1898,-0.9367072560986933
1899,-1.471973719232301
1900,-0.9489378782968003
1901,0.9344648611533231
1902,0.902008268083203
1903,-0.26103574322948586
1904,-1.2755065645156427
1905,-1.1101363245470681
1906,1.1581316710098577
1907,-0.03684319355779756
1908,0.4943085968729763
1909,-0.01983479781674295
1910,-0.9885807123712831
1911,-1.3872721894127182
1912,-1.237091408167587
1913,1.0162579261856328
1914,0.5265675753672023
1915,0.1995700791115647
1916,0.12090445962840328
1917,0.8477428550237698
1918,0.10644127862288746
1919,0.7336570166711117
1920,0.7535662695930165
1921,-0.7686831078257441
1922,0.12074856907381165
1923,-0.9936192325453577
1924,-0.505058946250485
1925,-1.3710000840958336
1926,0.7072445691093056
1927,-0.7325780441532934
1928,0.49404334161246005
1929,0.11740832387612894
1930,0.7735322459039297
1931,-1.4797135589265253
1932,0.9817170224425972
1933,0.7656393766362296
1934,0.7164757131318344
1935,-0.48703338567945414
1936,-0.3017374309747326
1937,0.7062041806104831
1938,-1.1328141911572667
1939,1.2578722212310443
1940,0.04500982979420359
1941,0.8595739215424762
1942,0.20475289017717455
1943,-0.14256035720783186
1944,0.8558084116761598
1945,-1.081468016864049
1946,0.25394043352112305
1947,1.0704732969839887
1948,1.1404971876341548
1949,-0.7297729202296505
1950,-0.4849356380685915
1951,-0.4074948913980274
1952,-0.7438099018464287
1953,0.14028668619736667
1954,-1.2915917051380594
1955,0.9882469948208608
1956,0.012748792962851713
1957,1.06903688770142
1958,1.1612232266584415
1959,-0.6703077309986861
1960,0.9293806664079757
1961,0.2113080581986273
1962,0.5407439450259184
1963,1.0042230493618889
1964,-0.11128499101817343
1965,0.47175336553200387
1966,-1.092945475749413
1967,-0.874844195961349
1968,0.8497394962259971
1969,-0.8371642747862518
1970,-0.9566410090003283
1971,-1.0093905140160906
1972,-0.8739953310288712
1973,-0.8148945848145239
1974,0.5685865581477668
1975,0.09431849425597774
1976,-0.6186365631420713
1977,-0.7107440012649759
1978,0.6629038568966706
1979,-0.632332849366066
1980,-0.02460691660285713
1981,-1.2511534946581875
1982,-1.4751882591221428
1983,-0.7691918550517314
1984,-1.0230298341217938
1985,0.7443677808016469
1986,0.04308065123584345
1987,0.7218585125827769
1988,0.4306494920010239
1989,-1.5047890572337443
1990,-0.9538195371424492
1991,0.24728120201521317
1992,0.9499956042326418
1993,-1.1882994450727606
1994,0.20103710121623408
1995,0.858083472220866
1996,0.5388331790772467
1997,0.6893759535630157
1998,-0.04360460543855625
1999,0.7333272534241547
2000,0.056785873094587956
2001,-1.030668487507183
2002,-1.0514279415020393
2003,0.5457698866037464
2004,-0.10943736699094046
2005,0.7282840505623034
2006,0.5032005380571104
2007,0.2974612614808597
2008,-0.639366664749589
2009,0.6457330819689269
2010,0.3355783343681079
2011,-0.4839926620850794
2012,-1.0979695292287415
2013,0.04463548501639913
2014,0.6129488484456151
2015,0.7498618632480354
2016,0.8148732574700313
2017,0.837574788752541
2018,-1.094609525342888
2019,0.7357785556235519
2020,0.7430133449171321
2021,0.5943284248374625
2022,0.1355630453244206
2023,0.24458348065478713
2024,0.6269898276403898
2025,0.591680785655619
2026,0.5162642247614213
2027,0.8288272332056945
2028,-0.9685834668409489
2029,0.3204226818621685
2030,-0.6491540396338635
2031,1.024442679968988
2032,-1.0398297431940842
2033,0.4471425035387302
2034,-0.7713494077218097
2035,-0.9056564253189953
2036,0.1679735101743258
2037,-0.4970214895910908
2038,0.8571661450945994
2039,0.6240049171530518
2040,-0.8221962599972682
2041,-1.4009687395950794
2042,-0.8987202033520073
2043,1.148899993055653
2044,-0.15639668807787704
2045,1.0975939219164643
2046,-0.043153033121893405
2047,-1.3289420778590277
2048,-1.0106711275167453
2049,0.862120174323531
2050,0.6704270835065804
2051,-1.1330104014164408
2052,0.7152155780700595
2053,-0.8395376831397813
2054,0.9527707026531135
2055,0.4992178057357735
2056,0.5116585998415676
2057,-1.1482283679115115
2058,-1.6122262226832553
2059,0.5409338403051621
2060,-0.06582638638238096
2061,-0.22722636499076376
2062,0.6239207797458228
2063,0.8443048220144402
2064,0.9154075692345581
2065,0.814903780508254
2066,0.802141807310556
2067,-0.2882825344110654
2068,0.6818038043368742
2069,-1.353202424389016
2070,-0.6347726594353463
2071,-0.5643027891052994
2072,1.0986517315335709
2073,-0.002640311803565478
2074,0.6677676010605339
2075,0.8329790255488889
2076,1.0784390718989743
2077,1.236184554415848
2078,0.31997825731032925
2079,-1.4018619553148957
2080,-0.971343240420516
2081,0.8336638057160825
2082,0.6995741299523212
2083,-0.7613292598462336
2084,-1.205550698198988
2085,-0.0379703934178377
2086,0.725725276692704
2087,-1.1551930358018254
2088,-0.3944816929810166
2089,0.6433339613678375
2090,0.6340185289493503
2091,-1.244410838729902
2092,1.224526988716429
2093,0.5068038612821879
2094,-0.8900344522567265
2095,-0.4515819422982579
2096,-0.6217097587155248
2097,-1.428575411452753
2098,-0.22662777687406738
2099,0.757170122507132
2100,0.946206326531843
2101,0.6558642027947363
2102,-0.8997369553445713
2103,0.6999272111663852
2104,1.1436028732769807
2105,0.3679361957550396
2106,-1.3192953464391197
2107,-0.7242202007697424
2108,0.2420966069310219
2109,-0.35946720760217565
2110,1.0020498002000295
2111,0.6302842706303986
2112,-0.20603539900959
2113,0.15372322428618504
2114,-1.0881033090259633
2115,0.768290580840999
2116,-1.1255801535276213
2117,-1.1845380489353872
2118,0.9777871671901789
2119,0.6633796336102777
2120,-0.750425987918256
2121,0.9015782993932622
2122,-0.1240619075151616
2123,0.7879930283871046
2124,-0.6565881858749827
2125,-0.8892703452814902
2126,0.3615551734079365
2127,0.72370923941377
2128,0.9865909888495042
2129,0.896507787329939
2130,-1.3991908144572347
2131,0.7882018202548141
2132,-0.4900531942246129
2133,1.0237235196928967
2134,-0.36946658229885704
2135,1.0310348723607232
2136,-1.1188349944966947
2137,1.05063735782127
2138,-0.192062373521135
2139,-0.33098561305825036
2140,-1.0893663491832966
2141,-1.122270426881269
2142,0.20404219889023814
2143,0.5875765469813437
2144,0.9027000917471949
2145,-0.7147122388588368
2146,-0.4449553029008364
2147,0.739809505576914
2148,0.6667332058615674
2149,-0.4196714831934127
2150,0.11686440237404382
2151,-0.23579413665015328
2152,0.6861468555045834
2153,-1.1755281521503174
2154,0.5719901010382449
2155,0.33996370628037836
2156,0.17584177746325863
2157,-1.2345320921262357
2158,0.8385516478840129
2159,0.9584483560487231
2160,0.44203127927090174
2161,0.7868457907165676
2162,0.21752704447866913
2163,0.8363642655393754
2164,0.9392858416258723
2165,0.9562478360389882
2166,-0.6953236374910096
2167,0.5450870195215871
2168,0.9555378566463492
2169,0.2824564100039087
2170,0.45530726662627535
2171,0.7881339262061993
2172,0.3641292592860712
2173,-1.0959375869612025
2174,0.39005461013704895
2175,0.5166866715986526
2176,-0.4284763305621388
2177,-0.8193570919527577
2178,0.048010470829619394
2179,-0.5472570820256043
2180,-0.7666447025330637
2181,-1.4566532882302183
2182,0.3486890733079165
2183,-0.028837336058578827
2184,0.8105813502554239
2185,-0.7619158757191811
2186,1.0518042806407433
2187,-1.1864076904781096
2188,0.2908315885567454
2189,-0.5839599293686429
2190,-0.02845976787777976
2191,0.49675776018831336
2192,-0.47909493201876896
2193,-1.2202433699325808
2194,-1.1491147572821427
2195,0.773697941187145
2196,0.8399629203305449
2197,-0.3365188013695494
2198,-1.3898100114514165
2199,0.37420660356466107
2200,0.02339434932527026
2201,0.7892645578421625
2202,0.9882628083118259
2203,-1.314740010900664
2204,0.5450402805722421
2205,0.5261503921810121
2206,0.7765521993661092
2207,0.0592887324499206
2208,-0.8638706949228336
2209,0.705829814909118
2210,0.3503215120892622
2211,-0.004232199520375507
2212,0.1048287288116944
2213,0.6643130171758461
2214,-0.8055631414021078
2215,-0.1715245041362109
2216,-1.2883596505625763
2217,-0.6124842151686429
2218,0.31808515013584127
2219,0.9015524014526188
2220,0.5800002113957866
2221,0.5213896719377941
2222,0.08987510247775791
2223,-0.4801122809206909
2224,0.6649911203115444
2225,-0.03911491237597762
2226,-0.9666667949295717
2227,0.897247091303791
2228,-0.8993195204615325
2229,-0.6100988554750044
2230,0.6797324552264082
2231,-1.3057162835945035
2232,0.053206175065234555
2233,0.030202314799154382
2234,1.0630556219080558
2235,-1.0491473792543555
2236,0.3526819637667085
2237,1.1216496585730038
2238,-0.6940513920490892
2239,0.8926362094468107
2240,-0.7086617879816172
2241,0.5483717889782767
2242,-1.0944545769008132
2243,-1.125082244009083
2244,-0.7411970574567422
2245,0.6246111136151421
2246,1.0012407692325413
2247,0.5469320603071861
2248,0.9409905583712503
2249,0.9263532957073213
2250,0.3590115329667855
2251,-0.42278726111542403
2252,0.58911313448008
2253,0.66108204277553
2254,0.7019120997936312
2255,0.3921631132503354
2256,0.42626486134648806
2257,-0.17689529487692465
2258,-1.111977873673786
2259,-0.9776753847675959
2260,-0.012551461959531964
2261,-0.679853976182421
2262,0.4563515698855792
2263,-1.1518067530466742
2264,0.0951607187264564
2265,0.4653890146241074
2266,-1.5199191487342214
2267,0.7131830919422427
2268,-0.8981840647793246
2269,-1.1113123157445859
2270,0.7912670924021896
2271,0.5620013086690889
2272,-0.9182179944453904
2273,0.6666258868395637
2274,-0.055296033052118554
2275,-0.20736534815011706
2276,0.2781729174736709
2277,-0.4932995940684212
2278,0.3466042867095833
2279,-1.1792217169460444
2280,-0.6107126410500772
2281,-1.3763197116581318
2282,0.41583776237982184
2283,0.1410353941966396
2284,-1.1704433444634814
2285,-1.4083687400212477
2286,1.0186048192080157
2287,-0.9094164925752863
2288,-0.016933571618088356
2289,0.516292205259958
2290,0.0069472647447176164
2291,1.2530803979810508
2292,0.2960917765667771
2293,-0.7719083781807627
2294,-0.9458869391346367
2295,0.9545398709904606
2296,0.8113976735854759
2297,0.24269225464389688
2298,1.1589625111598887
2299,-0.375585514985709
2300,-0.6071712324318026
2301,0.8210804154988687
2302,-0.393256010069286
2303,0.6908323820337947
2304,0.568426316341517
2305,0.6993974916111726
2306,-1.139512189414491
2307,0.9317734292244908
2308,1.0927388960906743
2309,0.6838522782188962
2310,-0.37027932979644307
2311,1.1600416462545602
2312,0.16243004330267513
2313,0.6293276600844551
2314,0.7400504383943111
2315,0.2902180115743602
2316,-0.6395253287891739
2317,-1.25581581068498
2318,-0.45242073891388856
2319,-1.0449364507893948
2320,0.4065086078487735
2321,-0.12852101206544864
2322,-0.7566493504477773
2323,-1.005956242585563
2324,0.9279896414602777
2325,0.8367670972857979
2326,0.9223146963550323
2327,-1.1906326306665556
2328,-0.7639156510010838
2329,-0.12720288180165043
2330,-1.257483120919809
2331,0.49924518266398804
2332,-0.9486138988004268
2333,0.69609549879748
2334,-0.03480156262548954
2335,0.40136416037430533
2336,-0.381240339465206
2337,-1.0070796970803175
2338,0.34909847710115927
2339,-0.5797873418426466
2340,0.8037057816052973
2341,-0.9995580594694132
2342,-1.6782151631496154
2343,-0.861640452647693
2344,0.4193648411857282
2345,0.5059683784821032
2346,0.5259708625177075
2347,0.8734853146186508
2348,-1.191217993843565
2349,-1.159150148107917
2350,0.9280798838253951
2351,-1.3880931203476916
2352,-0.2223257968326696
2353,0.8861711684857839
2354,-0.3845036115097383
2355,-0.7823428988222908
2356,-0.2205719711104228
2357,-1.2294482547768781
2358,1.1866446832807442
2359,0.6602287356300596
2360,1.2040263274350727
2361,0.41991635363924407
2362,-0.016109565884930423
2363,0.9400065242490964
2364,0.5090579414084366
2365,0.5038152527454277
2366,-1.4273979875372416
2367,-1.0579596054320903
2368,-0.005850053133255555
2369,-1.262232524141322
2370,-0.5521030862135425
2371,0.7465532023886903
2372,-0.6281370871447064
2373,0.31459159375982515
2374,0.3578155930967261
2375,-1.161662180665047
2376,0.3991139129647225
2377,-0.1369618195121866
2378,-1.081839850962579
2379,0.8668789427646446
2380,0.12082052529682923
2381,-0.8702130008112818
2382,-0.4578985980530754
2383,0.48273260901002496
2384,-0.7605377743905547
2385,0.30171812089715777
2386,0.4374237235044444
2387,-1.1351211262189285
2388,-1.0205831838475754
2389,-0.8620734803331768
2390,0.05636325990890279
2391,1.0080388227089083
2392,0.702363074728068
2393,0.007439062619704355
2394,0.46075948080572376
2395,-1.6605598875415182
2396,0.5479723386469046
2397,-1.108342638694008
2398,-1.594751100262713
2399,0.9320253686465979
2400,-1.042147267625813
2401,-0.1812944779573846
2402,-0.874416203807941
2403,0.29496298348502714
2404,-1.1221897850953468
2405,1.068675001037485
2406,0.7215944407601391
2407,0.5299035250647889
2408,-1.0659640631286993
2409,0.6892266831180122
2410,-0.7273533656520915
2411,-0.4096491581427163
2412,0.7815498045305805
2413,0.9650159874198573
2414,0.49333733256549644
2415,-1.2706014805499763
2416,-0.24876347165364687
2417,1.078600368569087
2418,1.0635424334371821
2419,0.4929115889424558
2420,-0.5808030680502884
2421,0.8249021061635332
2422,0.5240120415611111
2423,0.7749949916855721
2424,-1.26345839895645
2425,0.8389365238263976
2426,0.286720744701324
2427,-0.8423690602240709
2428,0.9538619057516581
2429,-0.7735740901181859
2430,-1.199819908754346
2431,0.6634623288182958
2432,-0.046949744914484934
2433,0.901398118583202
2434,-1.1445256361469605
2435,0.11202960372887089
2436,-0.800327328236897
2437,0.8743969932421822
2438,-1.0594473346473705
2439,-1.0361777567462938
2440,-0.4935354108662758
2441,0.2424635413688233
2442,0.9306436701345665
2443,-0.7488775611960995
2444,-1.016250701210317
2445,-0.7300079123545145
2446,0.9077893518338185
2447,0.47004657991446935
2448,0.7012665564373216
2449,1.4899997002684697
2450,-0.7550498129132939
2451,0.34030772396416664
2452,0.406035968379365
2453,-1.2104491750025665
2454,0.8239907392898793
2455,0.7179013845305229
2456,0.9086351189460714
2457,0.7553670118334631
2458,-0.1894433301406964
2459,-0.9698207330782462
2460,-0.04298540916117373
2461,0.8159553716528986
2462,0.7938830651920442
2463,-0.06781594702185674
2464,0.456495623820313
2465,0.5581895349225453
2466,0.24673456944844008
2467,-1.4058566893091697
2468,0.85814228829932
2469,-1.0743596058063098
2470,0.33420158664730165
2471,0.6973213829912033
2472,-0.34726977947787896
2473,-0.6634959646294679
2474,0.41096273526420646
2475,-0.3124987986569679
2476,-1.248554282677509
2477,-0.1507130263917421
2478,-0.7520490159909773
2479,-0.011199905246165274
2480,-0.24859518731314192
2481,-1.3525179147667499
2482,-0.1587872527154881
2483,-1.0924889320839533
2484,-1.098350397924598
2485,0.5645273675380161
2486,0.6721666863013871
2487,0.8315545861304383
2488,1.1522970632962881
2489,-0.03852886692595437
2490,-0.4066749897504484
2491,0.12139687726047221
2492,1.0094501033394585
2493,1.207811221008968
2494,-1.1926981182975203
2495,-0.9419897892104797
2496,0.9444752475853676
2497,0.047186742433389224
2498,0.46518205817632563
2499,-0.8995676973345423
2500,-1.4802491433532377
2501,0.2597277325028711
2502,0.8897607237547822
2503,0.47888508046311346
2504,-1.1453701172052781
2505,0.6334668435777074
2506,0.8028691111854565
2507,0.40492655703086383
2508,1.270387493563618
2509,-1.4929555791668403
2510,-0.6594408028407394
2511,0.9842880824622822
2512,-0.9380680892798904
2513,-0.7390991750649039
2514,-0.8844627551138464
2515,0.8354029014141325
2516,-0.7658650104384916
2517,-0.6171909711708723
2518,0.6370535824380953
2519,0.277348781134748
2520,-1.169555629490873
2521,-1.2482870568873792
2522,-1.2292267955517855
2523,-0.8243695800613228
2524,-0.7373860620655199
2525,-0.7379780520549734
2526,-0.5411927982115581
2527,-0.1401259215456547
2528,-0.8501112837787379
2529,-1.5562698672928645
2530,0.007463099436948303
2531,-1.3418728909090079
2532,-1.2296153782227455
2533,-0.6835113919277633
2534,-0.9760191749558335
2535,-0.31731854057142933
2536,-1.313582943969885
2537,-1.1281058242007145
2538,-1.1983056794296032
2539,1.0179449987015694
2540,-1.3720513673475208
2541,1.1389496221797624
2542,-0.9124770805818071
2543,0.8275643757459903
2544,-0.4271842611961985
2545,0.017236448921722596
2546,-1.038925841339306
2547,-0.8823822194245574
2548,-0.3023385812930452
2549,0.7906043989485717
2550,-0.7536419928858278
2551,0.39147744344621016
2552,0.5341576566088889
2553,0.6352971518553371
2554,-0.4489679196605341
2555,0.5452329649074801
2556,-0.7352994127076984
2557,0.9551879775514562
2558,-1.0043269442698213
2559,-0.03272953306023866
2560,1.097209819999049
2561,-1.0121653566491668
2562,1.208742626209703
2563,0.40334478437016974
2564,-1.0691294098413338
2565,0.9006451946195003
2566,0.7339397117820619
2567,0.7029516635668165
2568,1.1986783648371253
2569,-0.9507529635242625
2570,-1.1506872910052868
2571,0.4987717607474109
2572,0.31823675195120227
2573,-0.6790759266504506
2574,-0.7269659613914493
2575,-1.142850253397996
2576,0.5589422296023466
2577,-1.4276036621359276
2578,0.22247535693366674
2579,0.7862558519226839
2580,-0.652724521690494
2581,-0.34973920957841415
2582,1.300757455914038
2583,0.03236263150843579
2584,-0.7506422466490029
2585,0.34205963510399867
2586,1.1265823896808593
2587,0.12500259145906964
2588,-0.01733479000216507
2589,-1.2686994803116305
2590,-0.7504500046644647
2591,-0.07079078884054474
2592,0.5847912284739588
2593,0.8119540469667267
2594,-0.4788994061651007
2595,0.614708263651591
2596,0.6693053103370618
2597,1.061801507724466
2598,-1.1679729233381928
2599,-1.2246087668799208
2600,-0.2574290211962479
2601,-1.2520456817217207
2602,0.5140247573585878
2603,-0.7781023218766083
2604,0.8638033599833335
2605,-0.10217234683561684
2606,0.8986037508784631
2607,0.6254412073851188
2608,-0.8487808945338745
2609,-0.7325424620292132
2610,0.45356552396137645
2611,-0.2792766674035913
2612,0.8855416558191339
2613,0.5121957866356275
2614,0.7712472466521674
2615,0.8201785995416263
2616,-0.8290944653014288
2617,0.4925031984400688
2618,0.9280255880266268
2619,0.5465587915304888
2620,-0.8880050330143523
2621,0.2185301041796579
2622,0.08569160382032065
2623,0.08183260003312881
2624,-1.0599518971618367
2625,-1.0556795652350797
2626,0.03419981113886074
2627,-1.2893995358863095
2628,0.7569480404798812
2629,1.049155403993355
2630,0.8877070121821237
2631,0.8970827230007782
2632,-0.8466213906502902
2633,0.43648530143954956
2634,0.03950952966954409
2635,0.7441773576593704
2636,0.8382618168225398
2637,-0.6853559818802454
2638,0.9945007575233646
2639,0.5556912469341971
2640,-0.8745450447928582
2641,-1.1354497544809217
2642,-0.7784001157330698
2643,0.8875016674043293
2644,0.26474556930564597
2645,-0.006240795569930355
2646,-0.6601712807550187
2647,0.6294752856053427
2648,0.6405754341397425
2649,0.5404055156433928
2650,1.035773704907925
2651,0.3728153780637699
2652,-0.5334776674030539
2653,0.8806116295580969
2654,-0.14299051075591265
2655,-0.8334147101205752
2656,-0.8883769358721293
2657,-1.1095978750206148
2658,0.6180071370047872
2659,-0.6070910557678374
2660,-0.710432918430119
2661,0.1670896425342461
2662,0.07117736130984709
2663,-0.9072793037224571
2664,0.16581377808117076
2665,0.18601837327952184
2666,0.8794178031055161
2667,0.8672497181728974
2668,0.9669311951447225
2669,0.7517890595775326
2670,0.6042818348587301
2671,-0.590061195929461
2672,-0.264389624759535
2673,-1.3022321346912487
2674,0.2727969809120369
2675,-1.2421239343348254
2676,0.8369166155074871
2677,0.46985654700978985
2678,-0.9527369277398576
2679,0.7173856040686257
2680,1.1272859861684323
2681,0.8720123089459603
2682,0.7617363926479365
2683,0.3196389872670834
2684,0.15507580349935424
2685,-0.3790365661303572
2686,-1.2050801918720233
2687,0.6734130702215481
2688,-1.0634046444109517
2689,-0.6878193330551704
2690,-0.7415922678238174
2691,-0.441399717258742
2692,0.880837587090989
2693,0.6151992606543557
2694,0.07074607216557437
2695,-0.42301384575894135
2696,-1.2288029285437887
2697,-1.4270520289945245
2698,-1.5846271856086704
2699,-0.5590096136852896
2700,-0.11707157638545736
2701,-1.0466362174785087
2702,-0.5825277466439767
2703,-1.0430467734989632
2704,0.5750470143545833
2705,0.5776453707274802
2706,-1.004946676409614
2707,-1.2593285130408187
2708,0.9086891476999065
2709,0.4832702571277542
2710,-1.044730241905866
2711,1.0925057721316265
2712,-0.9227485304426949
2713,-0.488247609964773
2714,-0.5107642678576354
2715,-0.807740118524181
2716,0.6192517803639088
2717,0.7506828591777017
2718,0.7356426899851393
2719,-0.45356005073782235
2720,-0.5300572460978051
2721,0.0986157065801389
2722,0.4110180515231189
2723,1.0663337926630356
2724,0.20067231395226381
2725,-1.0615169232577377
2726,0.44235554590708337
2727,0.8585191769989283
2728,-0.8718173173929147
2729,0.6292223873551946
2730,-1.534497088479146
2731,0.24155875102155133
2732,-0.5786251870790594
2733,-0.8287314332460116
2734,-1.0286398395753755
2735,0.14455007134431047
2736,0.3758221644783233
2737,0.6749336506264974
2738,-0.9665826481324686
2739,0.38507357167279754
2740,0.6574781934116072
2741,0.6301562730373268
2742,0.5408219810225687
2743,-0.581190770101619
2744,0.5912984749974384
2745,-0.019446282306551613
2746,0.7040514075364557
2747,-1.0472199683492607
2748,0.8839690590101397
2749,-1.0132005294489965
2750,-0.8135792992374702
2751,0.7871526429429823
2752,0.40630154049864886
2753,1.2579077699752397
2754,-0.009128430789404727
2755,0.7958433779884057
2756,1.0063775415888814
2757,-1.3094185274423409
2758,-1.260480254705714
2759,0.6384354235715418
2760,-0.935756335543945
2761,0.06068970927071724
2762,0.30056103191119055
2763,0.6061976431244047
2764,0.055048203121669054
2765,1.0735343630305265
2766,0.6172009029392307
2767,0.7360378777356081
2768,-0.991372731171995
2769,-0.49686859758276575
2770,0.6861680519984743
2771,0.7130461660887368
2772,-0.7651612466730537
2773,-0.5304736197668809
2774,1.091684810146508
2775,0.43062315397992523
2776,1.062896982925717
2777,0.9666087256971797
2778,-1.2042845817054124
2779,0.7118107548988817
2780,0.4844697608266235
2781,-1.4177870639721633
2782,-0.9542332964970381
2783,-0.07800045109088734
2784,-0.9285620384453517
2785,-1.1807358838248811
2786,-1.5434517381927546
2787,-0.6605623457405752
2788,0.43474316467794716
2789,0.11866048440065292
2790,-1.063273552635737
2791,-0.5510727402436146
2792,-1.012968247677916
2793,-0.8159100972707347
2794,-0.6089804555345979
2795,0.6175611884970997
2796,0.9499316001632482
2797,0.8595391603525451
2798,-1.159775572378119
2799,-0.6588671414333221
2800,0.5680337466643649
2801,1.3453472886143831
2802,0.6018922537841614
2803,-0.9047143125527072
2804,0.3956197913531006
2805,0.841898620188095
2806,0.9005756370085622
2807,-0.3821242401364068
2808,-1.1749915232711938
2809,1.0789064532038886
2810,-0.4320894900417819
2811,0.7094480468589859
2812,1.0319494445764352
2813,0.606118491740595
2814,-1.3128700757574012
2815,0.9202579332646732
2816,0.5409600663568251
2817,-0.008155456491748371
2818,-1.3279907025046997
2819,-1.105192900486573
2820,-1.0357743223589637
2821,-1.5526404828902471
2822,0.6257584172293545
2823,0.6277999208534939
2824,0.5020623677394799
2825,0.7982406758984493
2826,0.7678173754892441
2827,-0.6364344539721485
2828,-0.9797303107144999
2829,1.0610823385764878
2830,-0.932013115337456
2831,0.5223014364414202
2832,-1.3078814939656411
2833,1.1283525420774199
2834,-0.4794386250030797
2835,0.701376729692859
2836,-0.7530852796355734
2837,-1.3172125427419246
2838,0.4014027706854163
2839,0.3077926474355779
2840,0.8375325131068864
2841,0.6276962781259461
2842,-0.7681027637354363
2843,0.18637663968171536
2844,-0.9652148214163422
2845,0.13092078987077568
2846,0.8186601344233934
2847,0.8200025652553209
2848,-1.1459582405263218
2849,0.9132548446101834
2850,0.9791367602208996
2851,-1.2508950335598923
2852,-1.3378309834485753
2853,-0.3338493665017727
2854,0.6524803532355355
2855,-0.3691116373894047
2856,0.07551879499270166
2857,-1.2175361411391852
2858,-0.34206334326340015
2859,0.06895334743499999
2860,0.7125367233461742
2861,0.43972588466117046
2862,-0.5703680381603174
2863,-1.0538431138265874
2864,-1.3438601848414873
2865,0.8350631526608535
2866,-0.6374272042977706
2867,0.74252655528831
2868,0.7557549402816827
2869,-0.6525689825894877
2870,-0.9313522375758732
2871,-0.7966693959231815
2872,-1.0218771495905157
2873,-1.2007059460977423
2874,-0.10922346656894334
2875,-0.0612776877925929
2876,-1.4065807903046421
2877,-0.6524509574654003
2878,-0.6283999125876887
2879,-1.2029642511247387
2880,-1.0780622593681641
2881,-0.8203109816635736
2882,0.4759972060154908
2883,0.9703350522853249
2884,1.0147167009463671
2885,-1.4517773303425394
2886,-0.01807159748001983
2887,-0.7096380002962579
2888,-0.8932711349984995
2889,-0.7503573318107755
2890,0.10375115268536113
2891,-1.0573923098614022
2892,-0.2646151102093889
2893,0.7687067224872581
2894,0.6078752454146663
2895,0.7926193989022415
2896,0.4221138127740677
2897,0.4452335865079761
2898,-0.894701014715927
2899,0.8144434470266384
2900,-0.29253113668944514
2901,-1.0078781780725394
2902,0.7282649936001836
2903,0.35247253638901005
2904,0.6630165995943649
2905,-1.4880363152328744
2906,0.0023249803045238115
2907,0.6201554132448481
2908,0.6099152334854004
2909,-0.91520744158848
2910,-1.0872668098660894
2911,-1.0704153708865856
2912,0.09877489174549124
2913,-0.591436143002446
2914,-0.5591395002176653
2915,-0.560033381187405
2916,-0.19073716150999356
2917,0.8362174769465669
2918,-0.9778214427799721
2919,0.15554059707480625
2920,0.9315247006929559
2921,0.4612901393880618
2922,-0.9679831219650058
2923,-1.2811228104669588
2924,1.0216078400665747
2925,0.6970573300568746
2926,0.7302789858225399
2927,0.8364895734073869
2928,-0.9164960680790106
2929,0.7699711534340744
2930,-1.3254594770107633
2931,-0.7031199138265888
2932,0.8175297197536031
2933,-0.43287272606136407
2934,0.474159474183074
2935,-0.05716487531850233
2936,0.36550072930451644
2937,0.4062773666783604
2938,-1.721248225943134
2939,-1.0949872401311402
2940,-0.944867456315059
2941,-0.8665249793685718
2942,0.5945002930629854
2943,1.1107824734007345
2944,-1.1142370652105804
2945,-1.3199233845761844
2946,-0.8294305605354962
2947,0.04382251636897202
2948,0.7002362358653084
2949,0.3042802664934559
2950,0.7917810944389788
2951,0.06788617312456673
2952,0.7915480689178751
2953,0.8239644495685521
2954,-1.1148291435948747
2955,0.6955159139173575
2956,0.9985662437764884
2957,-1.1754245931294085
2958,0.9445694011320398
2959,-0.5896661775646783
2960,0.14173974793841382
2961,0.4028843272851027
2962,0.6026642982613692
2963,-0.6265470095594595
2964,0.23265494214352297
2965,-0.8755064058511737
2966,0.26102135426306367
2967,0.6083544512537427
2968,0.0865882418869642
2969,0.659139100877103
2970,1.0670405387374027
2971,0.790027024741686
2972,0.5830363731277273
2973,0.35594708759821436
2974,-1.5495352015204955
2975,-0.5750007476814721
2976,0.4677846401782377
2977,-0.2085008856979053
2978,-0.6899441596627832
2979,-0.8407265078836902
2980,0.4230370021400848
2981,0.8270621437814379
2982,-0.64172951351361
2983,0.9632921260353574
2984,-0.20141172527191548
2985,0.8605371581721626
2986,1.0726424132408328
2987,-0.7969019370491996
2988,0.5618398944417407
2989,-0.8190475001766357
2990,0.5108612665840887
2991,-0.7070306330840873
2992,1.0911454333071031
2993,-0.3782106361652857
2994,-0.15834794905746027
2995,0.7718266133278966
2996,-0.8246439922657894
2997,-1.02842266739625
2998,0.8269667098077592
2999,-1.1529806365494544
3000,0.8196267688611109
3001,-1.5068915243713148
3002,-0.2006871786908894
3003,-0.9767198786855329
3004,0.8218281631914024
3005,1.083309881009245
3006,-1.0982981114943648
3007,-1.1574980611600756
3008,-0.6714013552289084
3009,0.5282019777645831
3010,0.24190698518904186
3011,0.8611626777075203
3012,-0.22482836784783122
3013,-0.812621780271797
3014,-1.3558282327098596
3015,-0.6680024403316469
3016,-0.9540193891756913
3017,-0.523938007044379
3018,0.857586406728388
3019,0.7992733077425036
3020,-0.8420638944760728
3021,1.0099336296715877
3022,0.4433437163914652
3023,0.1960003001337228
3024,-0.4274427832382738
3025,0.8731192614403568
3026,0.6935327627132486
3027,0.3184349850091389
3028,0.46433950174408944
3029,0.28584390498239876
3030,-0.9190073349728337
3031,0.5782981254269682
3032,0.9130206679231746
3033,-0.3563458829354927
3034,0.8627185893244844
3035,0.7037425659808325
3036,-0.469292089862611
3037,0.8487193134858241
3038,0.5396779598830422
3039,0.6128821183960028
3040,0.3292815414176984
3041,0.7174154453267806
3042,-1.0580548323352645
3043,-0.8644344886722415
3044,0.5229082932811706
3045,0.6306223746826303
3046,-0.7527366825519232
3047,-0.8267607751419844
3048,-0.9524723501305599
3049,-1.0463933199045583
3050,-0.8105398818277832
3051,0.8989353488719729
3052,-0.8717767313152704
3053,-0.8926442036549804
3054,-1.04814044635123
3055,-0.7908255501242821
3056,0.015295818004930153
3057,-0.7677392798472524
3058,0.9099067214429959
3059,0.3110068667258385
3060,0.041673223724577386
3061,0.8493563293285553
3062,0.02854032881938616
3063,-1.1549668710930496
3064,-0.26959302046306266
3065,0.06686118514439016
3066,-0.9689139632619991
3067,0.7648564205740493
3068,-0.9055680612108183
3069,0.6867179115271282
3070,0.29967276259614983
3071,-0.8620031886630215
3072,-1.1252906993906135
3073,1.1353311222087894
3074,0.3644224776489683
3075,-1.3420001230676004
3076,0.5056879748930663
3077,1.1149791604930246
3078,0.7723954467258731
3079,0.31180220030374034
3080,-0.7151767556883205
3081,0.7207475617590196
3082,-0.9786673340891865
3083,-0.5127649537985953
3084,-0.41450177893974854
3085,-0.21136974896841476
3086,1.0740197542711654
3087,0.8798209697416468
3088,-1.0573898144120273
3089,-0.11639126071885347
3090,-1.0788888409829385
3091,-0.7826568785709921
3092,0.6535608169847817
3093,-0.4902166800759087
3094,0.4888215183979707
3095,0.7786353267826643
3096,-0.9819141142471622
3097,0.6940123857828806
3098,1.13850612354893
3099,-0.6820126905845243
3100,1.1771974246483368
3101,0.7651331481007686
3102,-0.3226414131003682
3103,-1.1772411896292996
3104,-0.3640964274532441
3105,-0.872243143499286
3106,-1.370104983143534
3107,-0.692429628708694
3108,0.26301737071450204
3109,0.725600647788521
3110,-0.37006056230213297
3111,-1.3035914476926993
3112,0.12684133297716993
3113,-0.335116360398909
3114,0.34156480225954367
3115,0.583839119601652
3116,0.032165953978103276
3117,-1.2116519113548394
3118,0.8935165024195832
3119,-1.1242538823694443
3120,0.8470143635926602
3121,0.5774388761515135
3122,-0.048073662955304845
3123,-1.2359156333545163
3124,0.53342982444895
3125,-0.07357140491035219
3126,0.09325510690273378
3127,0.9508165105510765
3128,0.7085260047032886
3129,0.3484057990409683
3130,-0.2802248588610946
3131,0.4852251558798415
3132,-1.0616786461091074
3133,1.011503634148988
3134,-0.9514131749185283
3135,-0.7930913895040397
3136,-1.2310439646958022
3137,-0.6113001205050977
3138,-1.2585777722688491
3139,0.6630917071379201
3140,0.9841393651814647
3141,-0.6670416467659328
3142,0.6525909689747421
3143,0.9775221290958536
3144,0.3827566703931751
3145,-1.2859059143020237
3146,0.567571935748159
3147,0.9437980453842516
3148,-0.41742444360198994
3149,-1.1294828557911643
3150,-0.2801000591902594
3151,-1.3057208219275265
3152,-1.45180130426559
3153,-0.8185753976763182
3154,0.6293464563546852
3155,0.5829509476039518
3156,1.2034118759378343
3157,0.8268954446760014
3158,0.4381681317711655
3159,0.6533282050847535
3160,0.8856634973373216
3161,-1.2619630572246487
3162,0.6756391191559973
3163,-1.3369041810899973
3164,0.6382009279289772
3165,0.559150714701412
3166,-0.8874686686930761
3167,-0.6064268545881352
3168,-0.6952548356484164
3169,-0.46403838831965083
3170,0.9610424804686147
3171,-1.5770205513697721
3172,-0.484341433483803
3173,-0.7868109298573894
3174,0.6175104507983193
3175,0.3410812749199894
3176,-0.8613611913746388
3177,1.1041811406361366
3178,0.39763463850518604
3179,0.9698979383481816
3180,0.9947396550330491
3181,0.6805091946371151
3182,-0.7205687682949357
3183,0.9704754629072839
3184,0.8403410413584728
3185,0.9543186854478808
3186,0.8544681952235912
3187,1.1765145765650942
3188,0.8910894863459918
3189,0.9290546497231802
3190,0.3020245809712355
3191,0.10409359410426937
3192,1.0476643214737893
3193,0.6286479092093455
3194,-1.4986877922885646
3195,0.4614203467099427
3196,0.2459878458139492
3197,1.131720329734116
3198,-0.6091299032440721
3199,-0.3154091276961591
3200,-0.9245273827016155
3201,0.8447820881387288
3202,0.6133032259065186
3203,-1.0583715482094902
3204,-1.028219997848363
3205,0.2745935857586983
3206,0.08619729503405159
3207,0.6798152114281745
3208,-0.8462808997264684
3209,-0.6927437707930718
3210,1.2436328210576428
3211,0.8301730890527383
3212,-1.0769514154480757
3213,-0.3563118844330953
3214,0.895126629669686
3215,0.8858542443850798
3216,1.0948539121837306
3217,-0.3585695047173407
3218,-1.0492757622653626
3219,-0.4419916972964107
3220,-0.8783907704974802
3221,-0.659472562454672
3222,0.8052776039632197
3223,-1.324273856054285
3224,0.3167271136050293
3225,-0.9625099273101385
3226,-1.1625270090295832
3227,0.5094458374169626
3228,-1.3253249315796354
3229,0.008535625434843092
3230,0.7878601031352168
3231,-0.2735783687600087
3232,0.8041992927739773
3233,0.2523323085570732
3234,0.45520728832346163
3235,0.1220063659214548
3236,0.8659991771333764
3237,0.4758638891341325
3238,0.8209572131636708
3239,-1.279304416640839
3240,-0.5817813008893346
3241,0.7146650792521503
3242,0.8465319861557843
3243,-0.6181698966349055
3244,-0.10971495774666656
3245,0.7862577236284924
3246,-0.9375047567667916
3247,-0.6780107788638097
3248,0.6734595103818354
3249,-0.7902259804940763
3250,-0.6540756862395325
3251,-0.32011770431279957
3252,0.8176144166520943
3253,-1.1632644745605325
3254,-0.648381673249008
3255,0.9717339827840871
3256,-0.8729070310497762
3257,-1.2888043961107543
3258,-0.8272129820145748
3259,0.19950951696612157
3260,0.0399667702865754
3261,0.3786497092649316
3262,0.8162834754604988
3263,1.1946100837931684
3264,0.8431072895529962
3265,0.11570192040657931
3266,0.7517399299529346
3267,0.785060712071691
3268,0.7862509501011687
3269,0.16310025534428974
3270,-0.9256911363313217
3271,0.525851736972502
3272,-0.5450214687503554
3273,1.0658624226468256
3274,0.06613205185940113
3275,-0.5860417335079253
3276,-0.7879374820626387
3277,-0.6546203540791873
3278,-0.8930643642354028
3279,-0.03511923229733829
3280,-0.9435224197776177
3281,-0.8642988021720776
3282,0.7075130367727739
3283,0.47051162838621047
3284,0.8811597900462939
3285,0.6299453360181239
3286,-1.3456108296968505
3287,0.704392257923539
3288,0.7587299145449552
3289,0.6064381795806544
3290,0.3842602868270818
3291,-0.9406807121070908
3292,-0.9557508574103916
3293,1.0203190503673358
3294,-1.4282294749681903
3295,0.11559355570406746
3296,0.41832405032493275
3297,1.0210076226781997
3298,0.9667373671889482
3299,0.5207745196544252
3300,-0.021214372716637772
3301,0.21967474624852992
3302,1.327416463454423
3303,-0.006063841754420417
3304,0.8554312888655754
3305,0.800020765290415
3306,0.7108804367395548
3307,-1.1546389417317535
3308,-0.5998746487609921
3309,0.539511120316609
3310,-1.0384348567902326
3311,0.9715696150870834
3312,-0.7856940782021615
3313,0.5859015910520039
3314,0.9941120775695557
3315,0.4659472784642751
3316,0.6973681127351259
3317,-1.0712680875154996
3318,-0.7816182759213707
3319,0.7717045673162087
3320,0.8319309357313834
3321,0.7609217694770503
3322,-0.4125677302343518
3323,-0.3390149145344378
3324,1.0160776945194245
3325,-1.0574575412369547
3326,0.527654069063876
3327,-0.7993795419380143
3328,-0.3517819807185297
3329,1.0704616588077183
3330,1.089978434207471
3331,0.6778294479783582
3332,0.47255881086716256
3333,-1.0658618036896625
3334,0.8006496611002761
3335,-1.0485643588233338
3336,0.6581509095275397
3337,1.1768403423818703
3338,-0.850637888977262
3339,-0.7343584519119409
3340,0.3176943676144823
3341,0.20143207584486678
3342,0.08310081762015599
3343,-0.5238625285774201
3344,-0.297387732244031
3345,1.027967048193627
3346,1.044873186839107
3347,0.5967190655957614
3348,0.5228707948574353
3349,-0.17655920697951405
3350,-0.6020295959242592
3351,-1.0028666287677273
3352,0.9013116405313096
3353,0.7744545495114284
3354,-0.1196248242956746
3355,-1.2799584218323616
3356,-0.48762565477248815
3357,0.7866851995979931
3358,-1.1873608218831753
3359,-1.2055185972570797
3360,0.27863494061761324
3361,0.787858645313362
3362,-0.9736091383546603
3363,-1.1991308704869048
3364,-1.0280619018228878
3365,-0.3293881753470661
3366,0.3341157365274839
3367,1.0993766885672818
3368,0.7745250498481263
3369,-0.4759207858384059
3370,-1.0142156666144109
3371,-0.07677091166080084
3372,-0.8166486581308672
3373,-1.271781127234639
3374,-0.750314530988147
3375,-0.9066717404135278
3376,-1.2852169057562142
3377,-1.1931837081069296
3378,0.44582519157627337
3379,0.6790578038915004
3380,-0.461798896653113
3381,0.8570395530747024
3382,0.0683335258585534
3383,1.155252944516608
3384,-0.5454334552022304
3385,-0.23175783690092772
3386,0.8230478637990944
3387,-1.134571681457018
3388,-1.1884418017713925
3389,-1.0904693745543839
3390,-1.0234524854069103
3391,-0.499627895025734
3392,0.42283933239857857
3393,-1.1426183499123181
3394,-0.9950633735329961
3395,-0.4159983634805573
3396,-0.5334309476495043
3397,-0.5317679345494192
3398,-0.8972015216916283
3399,0.6002516614413109
3400,0.7178644020457541
3401,-0.7460454535176193
3402,0.5896031701210442
3403,0.26584701072170264
3404,1.0318988400090818
3405,-0.7435213055673412
3406,0.8946780124859899
3407,-1.3354306084864098
3408,-0.8708101858464484
3409,-1.186217284805198
3410,-0.9042231597661773
3411,-0.8222271827944909
3412,1.034660320568689
3413,-1.3549226909204901
3414,0.47326962292697083
3415,-0.22869401049817534
3416,-0.9113495181733114
3417,-0.7612105004312053
3418,0.9369919964253769
3419,0.6711259251364291
3420,0.22195136622569436
3421,-0.14236683409176554
3422,1.0217300373379024
3423,-0.8163637274032102
3424,0.824201044432599
3425,0.5290051553729979
3426,-1.1076613126634738
3427,0.2462323695000039
3428,0.7825198024819388
3429,-0.05316594177778896
3430,0.893027269984612
3431,0.16775105448289687
3432,0.9744927959202666
3433,0.34991508562157825
3434,0.4721716301664034
3435,0.6996219804082559
3436,-1.2311905648470047
3437,-0.42003667276555556
3438,-0.55743565605252
3439,-0.8574032242411747
3440,-0.2680014397664485
3441,0.6864147894549548
3442,0.6332086523711056
3443,-0.9193924902744961
3444,-1.130160358270372
3445,-0.25659789259228066
3446,-0.19447877731402774
3447,0.8020506560179367
3448,-0.3324776406356441
3449,-0.5401368017528694
3450,-0.03921835959975999
3451,1.0467656891071124
3452,0.1620252995179364
3453,-0.24305017334792672
3454,-1.101331176184365
3455,-0.9415671935543146
3456,0.8850173592758729
3457,-0.5565873833990411
3458,-0.11515523664740947
3459,-0.3525973835153322
3460,-0.7735233779779374
3461,-1.336387091809921
3462,-0.6394917444870267
3463,0.6857668719823812
3464,0.6750034563682935
3465,-0.7629509313979347
3466,0.5914857932346608
3467,-1.0558708946083921
3468,0.7686793573199422
3469,-0.8139104546747657
3470,0.8254203528446831
3471,0.030984072770457796
3472,-0.7587846519524831
3473,-1.5549150066673827
3474,-0.07483784080671389
3475,0.9215933807131342
3476,-0.09391401370311217
3477,-0.9896469908203174
3478,0.12237859114376619
3479,-0.24377294226673796
3480,0.9981836443766359
3481,-0.8161388143069841
3482,-0.2109303298107789
3483,-0.6662317079382066
3484,0.9321752786755703
3485,0.7302863242891146
3486,-1.2244374114762957
3487,-1.0182900074816363
3488,0.6473423978400993
3489,0.6552229600422008
3490,-0.4757843491471784
3491,1.100589334263453
3492,-0.9953522364786235
3493,-1.131151956360935
3494,-0.1442143523925056
3495,-0.8128762474745291
3496,0.724981070479592
3497,-0.474403664271254
3498,0.6053368377384608
3499,0.4993108427862106
3500,-0.5869318777956827
3501,0.6391121581889412
3502,0.9587806392186116
3503,0.6413914660192966
3504,0.059542628592257764
3505,-1.305601769165474
3506,0.7801145877651194
3507,-0.022821743975343475
3508,-0.3096240124042105
3509,0.5953461836219722
3510,0.3081178657306639
3511,0.5794465124158027
3512,-1.0601203979043852
3513,-0.9926369064128572
3514,0.38963055430140864
3515,0.47618409458924615
3516,0.2988489575278968
3517,-1.1925166153546856
3518,-0.86814942005775
3519,-0.950857893275408
3520,0.759603343164259
3521,-1.162466605998036
3522,-0.5383076669320278
3523,0.9275567179997439
3524,0.13243341640951484
3525,0.0743910688960869
3526,-0.2281891127140203
3527,0.8885794408824803
3528,0.8725520228772221
3529,-0.34195337086595246
3530,0.8186560738009585
3531,1.003728591503737
3532,0.7968204042197224
3533,0.8966205861782762
3534,-1.0116568891688094
3535,-1.068386034845173
3536,0.7819165625672297
3537,0.4869201759521248
3538,0.735173851150505
3539,0.7175115351516266
3540,-1.1373806751879416
3541,0.9779722741613341
3542,0.7020779556046233
3543,-1.088576020017805
3544,-1.2798981232175068
3545,-0.4279252246806201
3546,-1.1236112002755254
3547,-0.7811686315540634
3548,0.014091509793111473
3549,-0.9276484746053842
3550,0.41669311012808274
3551,1.0051345431145333
3552,0.4345811022778374
3553,-1.0581896786843052
3554,-1.0734930559356815
3555,0.9520771976879598
3556,-0.9027693372258188
3557,0.41007536662369043
3558,0.7532216483258221
3559,0.4321757889797657
3560,0.5590330102185318
3561,0.1292573064388952
3562,1.3018463205161757
3563,0.6309371044942371
3564,-1.3346794749469841
3565,0.4919076514736257
3566,-0.6104471840537533
3567,0.8371047327292458
3568,-1.0863665195013892
3569,-0.40238285951366976
3570,0.6690294384319246
3571,-0.7504173296532811
3572,1.1124357485451848
3573,1.1985445492852278
3574,0.26582462264983236
3575,0.7944452676693996
3576,0.7065995620422854
3577,-1.2394358346175256
3578,0.6742607600229233
3579,-1.038099976151826
3580,-0.8806247266765829
3581,0.2906469661326911
3582,-0.7083078594650993
3583,-1.222368535227144
3584,0.8650578577397117
3585,0.7717564664744949
3586,1.062464852661993
3587,0.750783346260754
3588,0.51384321441704
3589,0.6117207239399298
3590,-0.8989713967412305
3591,-0.47773143007112323
3592,-0.6244346273029401
3593,-0.8289836366616917
3594,0.9719789399024927
3595,-0.6471026491334909
3596,0.7653494593699826
3597,0.9572299254546733
3598,-0.9024796259260716
3599,0.8433375506394841
3600,1.0494469220127989
3601,-1.2424713595600396
3602,0.8312052624061665
3603,-0.7106999481420595
3604,-1.0027012097338757
3605,-1.1886124822104245
3606,0.3545308656073665
3607,0.7422327983177378
3608,0.5265128277755123
3609,-0.8591762594747994
3610,0.7740292789543801
3611,-0.7712350538532347
3612,0.2796011903890476
3613,-0.9233762611618291
3614,-0.005747868261062391
3615,-0.720762187510937
3616,0.09208320928212503
3617,-1.0518322046313648
3618,0.48862475392918747
3619,-1.0238872931408356
3620,-1.288528555632965
3621,-0.3082623910222836
3622,-1.4671066669999546
3623,-0.7173178508356033
3624,0.07148038747658333
3625,-0.8844255616030497
3626,0.7029896411196751
3627,-0.6593786905864838
3628,0.1478541353732551
3629,-1.4279799935909876
3630,0.8207996699221265
3631,-0.18183249715979183
3632,0.8521214285524007
3633,-1.3317993532390693
3634,-1.057718947698575
3635,0.3295568001518252
3636,0.8483516680368851
3637,-1.1918043592739924
3638,-1.2202098093736107
3639,-0.8496418206390541
3640,-0.34279596551749386
3641,-1.0613330060704964
3642,0.21859005089853611
3643,-0.4181149997921021
3644,-0.6606792278144096
3645,-1.2531777433984599
3646,-1.1132897515256317
3647,-0.2770921309000278
3648,0.7638696598142241
3649,0.2868716603461128
3650,-1.4213366072023172
3651,-0.009066959002530127
3652,-0.9006968910362804
3653,-1.5126755620133423
3654,-1.205067110848896
3655,0.7812816920537102
3656,0.9153634355524438
3657,-0.12505815418868252
3658,-1.156328679028333
3659,0.49810260312811516
3660,0.7399796364868905
3661,-0.7126210965327074
3662,-0.6285477115915198
3663,0.39861523155696793
3664,0.6562720110626009
3665,-0.7536499617844453
3666,-0.9443612441525621
3667,0.6782528641322111
3668,-1.1940408018835433
3669,0.9928593255754998
3670,0.7193887304003589
3671,-1.1967802075193434
3672,0.19054432942338895
3673,0.45217001303324744
3674,-0.6863540242283726
3675,-0.6643095110614268
3676,-0.03593050587383659
3677,0.28695362331387797
3678,-0.25553146954676187
3679,-1.3949496869382942
3680,-1.1613858277375637
3681,-0.48623409165857134
3682,-1.3299666398876189
3683,0.39953460529458973
3684,1.0988847378639224
3685,-1.2977005540935311
3686,-0.8871605134301335
3687,-1.3510181458904162
3688,-1.2582569568112187
3689,0.10044792863206245
3690,0.9845110154842025
3691,-1.2012626025812696
3692,-0.9423052935670425
3693,-0.2989726168657476
3694,0.24027201026387407
3695,0.41828621643483904
3696,0.9344627547397637
3697,-1.4278664880472371
3698,-0.7611131702733478
3699,-0.16817580984708447
3700,-1.2355276939121622
3701,1.127012956382183
3702,-1.0686083776606983
3703,-0.5610996075860525
3704,-0.09020890512079566
3705,0.9300545047051387
3706,-1.4365409776434777
3707,-0.19446495290562205
3708,0.01640072291998189
3709,0.16859391378386906
3710,0.9936352137139562
3711,-0.33884664423600247
3712,0.6189816817793146
3713,0.8611127379960627
3714,-1.2878132928475992
3715,0.8368620016591046
3716,0.012024734726437536
3717,-0.9215621007854761
3718,0.528506748618843
3719,-1.0441728151056968
3720,0.8596691962786508
3721,0.03390176041964832
3722,-1.3782323054802907
3723,-1.096008380397857
3724,1.021196171533849
3725,-0.8072883139247697
3726,0.5838943826690799
3727,-1.1162001484781903
3728,0.20895569288444021
3729,1.1160592872579764
3730,0.7011023714915479
3731,1.0339157656666824
3732,1.0740429741543032
3733,-0.8950846707195236
3734,-0.8629959543227469
3735,-1.0014677375991266
3736,-1.0071619061209602
3737,0.2619017617891577
3738,0.002570949172672618
3739,0.8516727902270885
3740,1.0087856152154169
3741,-0.43427615973325423
3742,0.7069782168791947
3743,-0.9812183141760314
3744,0.8247216060151772
3745,0.7416208282841243
3746,0.5327500708440244
3747,0.8341310191179759
3748,0.7241612614458262
3749,0.9517054346521268
3750,0.9393049255534005
3751,0.7144125469346108
3752,0.4330798727844209
3753,-0.605249236509797
3754,0.6368485110123846
3755,-0.7346742045990063
3756,-1.4592449936515186
3757,0.9717671743374009
3758,-0.2477458736007002
3759,0.46791829708549587
3760,-0.3320696659787897
3761,-1.0376159912718252
3762,0.34445149211439047
3763,-0.006594195922425991
3764,-1.3855361030938635
3765,-0.2332913294899747
3766,0.9330384291726783
3767,-0.9933622618079242
3768,-1.3532111823683894
3769,-1.4509676235030806
3770,-0.8172774571157148
3771,-0.062493595167755565
3772,-0.47460588475502363
3773,-1.3470286392113644
3774,0.7387979804920584
3775,0.6924764339175142
3776,-0.17003022892366101
3777,-1.1901521294489883
3778,0.9772821567598291
3779,0.9150992665003767
3780,0.19299012982021824
3781,0.7711219508777036
3782,-0.8258485242562315
3783,-0.30937174147503127
3784,-0.8394229662326748
3785,-1.37647667688784
3786,0.7272081877302738
3787,0.12592564077733934
3788,-1.0736411164434327
3789,-0.6676414476521625
3790,-0.8822554524530573
3791,0.5379393271548668
3792,-0.03159135867092402
3793,0.9756656666502181
3794,0.9834960325917588
3795,0.7844276551804401
3796,-0.017118936328746
3797,0.8692951153588102
3798,0.39687709218787687
3799,-0.5154747159187698
3800,0.16558279182414296
3801,-0.0861641851863649
3802,-1.0915103699818667
3803,0.10455416646573407
3804,1.1677739319452272
3805,-1.2423520882340278
3806,-1.2098253107275405
3807,-1.1844668869201824
3808,-0.9805577585106693
3809,0.13235159195759327
3810,1.037362502976071
3811,0.8788319542884717
3812,0.6091110023670165
3813,1.100337032010309
3814,-1.0231758322848017
3815,-0.9721494512040981
3816,0.0475696570155171
3817,0.7126365312075436
3818,0.5198320807627252
3819,-0.3928387295627417
3820,0.24353385051482385
3821,0.4126615954999404
3822,-1.105436149048711
3823,0.40813729589807546
3824,0.8143516801443095
3825,0.6565421757050802
3826,0.7232652386987067
3827,0.799432788521667
3828,-0.3708934779587027
3829,0.5108312619544375
3830,0.5674317475422669
3831,0.4765028085713493
3832,-1.3058793707513443
3833,0.7251422294729104
3834,0.838529232059445
3835,0.9434132519218257
3836,-0.5875311083242535
3837,0.7619932570876172
3838,-0.2932059684268442
3839,0.38865927438702363
3840,-0.8459203074288769
3841,-0.6491391662189284
3842,-0.4756808991490422
3843,-0.6140694852052775
3844,0.8903554476634925
3845,0.3313815113287778
3846,-1.2447493457557934
3847,0.8565467225620632
3848,-0.9971689785337897
3849,-0.7495168278398202
3850,-0.7918421408229048
3851,0.211526040587669
3852,0.6665254435549981
3853,-1.2629132616989267
3854,-0.6420375236541127
3855,-0.7182709511557144
3856,-0.19567829641241474
3857,-0.582842550782274
3858,0.9706549431926176
3859,-0.9236075754512302
3860,0.6214249031007466
3861,1.1277576207307571
3862,-1.1706938159726807
3863,-0.36625915527809
3864,-1.1467413151876737
3865,-0.9605332248444647
3866,-0.8948257583011057
3867,0.7125834473816759
3868,-0.9990664618181195
3869,0.9920326743786113
3870,0.6739320369530754
3871,0.7008854833141736
3872,0.42315453991131013
3873,-1.1895916935058335
3874,0.7998337171888297
3875,-0.21740691212773774
3876,0.4579859601343736
3877,0.48385898096932173
3878,-1.071437313214508
3879,-0.8711295769703191
3880,0.7637727810343281
3881,0.7457107820451896
3882,-1.4368627065651196
3883,-0.06149018953377381
3884,-1.0380935205548802
3885,-0.8309170020631617
3886,0.5666688489421139
3887,-1.0752750515834995
3888,0.8101815473841377
3889,0.8169763883860754
3890,0.51723212287779
3891,1.0415088196457571
3892,-0.500185502804288
3893,-0.3526655221311972
3894,0.14171524735005053
3895,0.8677123767415241
3896,-0.6666214326452288
3897,0.9545613314447615
3898,-0.9453582856506837
3899,0.8077122350278693
3900,0.8259971181177816
3901,0.6578313112831482
3902,-0.7084556364370042
3903,0.16299511233429842
3904,-0.6913123974042157
3905,0.6822466372781544
3906,-0.9832200086177381
3907,-0.8572990218676878
3908,0.1598718394164662
3909,0.7777308800540849
3910,-1.0920682450560317
3911,0.4549045784049058
3912,-0.7474360381278771
3913,0.1166717399438252
3914,-1.320982199905213
3915,0.6116561710087306
3916,-0.3047349069999544
3917,-1.02950199017909
3918,1.1543296432654486
3919,0.7940786675318052
3920,-1.0375172013221934
3921,-1.188721922213889
3922,-1.1539333442394084
3923,0.6088894231138293
3924,-1.2436642554103425
3925,0.6039942466801189
3926,0.13196210998756855
3927,-1.0016364929276786
3928,-1.0939138594557678
3929,0.6035348124810893
3930,0.6621347447508183
3931,-0.890290527638832
3932,0.8255139459047781
3933,1.1137005541063312
3934,0.37844311260136804
3935,0.43995346532650087
3936,0.15419358612880357
3937,-0.021179415509726907
3938,1.1385689315328578
3939,-0.03818870558112817
3940,-0.11811833965389336
3941,0.7563033167127777
3942,0.05435963834634032
3943,0.02309971458959921
3944,-0.8637302789628635
3945,0.014880510022676808
3946,-1.3107720811710715
3947,-0.7689453847532743
3948,1.164616767205338
3949,1.0141457275805164
3950,0.5868119682997816
3951,0.7419683756213599
3952,-0.7947631541599931
3953,-0.712937678643558
3954,-0.8291553708918843
3955,-1.0785686317423813
3956,-0.7557538407516573
3957,0.19350485901250777
3958,0.7171277517457539
3959,-1.19612750246247
3960,-0.6929673381784923
3961,1.0915615577975293
3962,0.7855529771247631
3963,-0.5576459909745198
3964,1.254777027082518
3965,-1.223821090874622
3966,0.5867750831672658
3967,-0.7456040365959088
3968,0.16284744437179646
3969,0.8118284873702344
3970,-1.0158899157772836
3971,0.7754031981185265
3972,0.7331153303035918
3973,0.8725348956870262
3974,1.026722312821448
3975,0.9413432377100913
3976,0.7572988975280336
3977,-0.5963969199404763
3978,0.8420437818854761
3979,-0.44775111896659486
3980,1.1573377984018254
3981,-0.8222898877958638
3982,-0.628545682236111
3983,-0.5121951831940952
3984,-0.02354671103436388
3985,0.49280777580481966
3986,-0.35704101844210817
3987,0.2390624116573517
3988,-1.3485997564149397
3989,-0.8696945749509477
3990,0.9608375319890675
3991,1.0724543682876793
3992,1.010934189088775
3993,0.07489430750786512
3994,0.13880544334730244
3995,-0.6494292339395379
3996,0.2152807549449881
3997,-1.1792768401043054
3998,0.7694679833004996
3999,-1.3038570344892262
